Price,Area,Location,No. of Bedrooms,New/Resale,Gymnasium,Lift Available,Car Parking,Maintenance Staff,24x7 Security,Children's Play Area,Clubhouse,Intercom,Landscaped Gardens,Indoor Games,Gas Connection,Jogging Track,Swimming Pool
2850000,1300,Dhakoli,0,0,0,0,,,0,0,0,,0,,0,0,0
3600000,1400,Dhakoli,0,0,0,0,,,0,0,0,,0,,0,0,0
3690000,1350,Dhakoli,0,0,0,0,,,0,0,0,,0,,0,0,0
10000000,1200,New chandigarh mohali,0,0,0,0,,,0,0,0,,0,,0,0,0
3090000,1008,Sunny Enclave,0,1,0,0,,,0,0,0,,0,,0,0,0
3200000,1500,Dhakoli,0,0,0,0,,,0,1,0,1.0,0,,0,0,0
9500000,1596,New chandigarh mohali,0,0,1,1,,,0,1,1,1.0,0,,0,0,1
6390000,1611,Dhakoli,0,1,0,0,,,0,0,0,,0,,0,0,0
13000000,1800,Sector 79,0,0,0,0,,,0,0,0,,0,,0,0,0
17000000,2000,Sector 80,0,0,0,1,,,0,0,0,,0,,0,0,0
14500000,2450,Sector 64,0,1,0,0,,,0,0,0,,0,,0,0,0
3990000,1350,Dhakoli,0,1,0,1,,,0,1,0,,0,,0,0,0
7000000,1655,Dhakoli,0,1,1,1,,,0,1,1,,0,,0,0,1
4000000,1349,Dhakoli,0,1,0,0,,,0,0,0,,0,,0,0,0
2400000,900,Dhakoli,0,1,0,0,,,0,0,0,,0,,0,0,0
15000000,1125,Sector 22,0,0,0,0,,,0,0,0,,0,,0,0,0
7200000,1300,Sector 80,0,0,0,0,,,0,0,0,,0,,0,0,0
2790000,855,Preet Colony,0,1,0,0,,,0,1,0,,0,,0,0,0
10600000,1778,New chandigarh mohali,0,1,1,1,,,0,1,1,1.0,0,,0,0,1
3490000,1350,Sunny Enclave,0,1,0,0,,,0,0,0,,0,,0,0,0
5500000,1350,Sector 71,0,0,0,0,,,0,0,0,,0,,0,0,0
18500000,1500,Sector 50,0,0,1,0,,,0,1,0,,0,,0,0,0
12500000,1995,New chandigarh mohali,0,0,1,1,,,0,1,1,,0,,0,0,1
28500000,2250,Sector 15,0,1,0,0,,,0,0,0,,0,,0,0,0
3000000,1150,Dhakoli,0,1,0,0,,,0,0,0,,0,,0,0,0
4890000,1300,Lohgarh,0,1,1,1,,,0,1,1,1.0,0,,0,0,1
11000000,1836,Sector 78,0,0,0,0,,,0,0,0,,0,,0,0,0
5800000,1350,Sector 79,0,0,0,0,,,0,0,0,,0,,0,0,0
5500000,1050,Sector 63,0,0,0,0,,,0,0,0,,0,,0,0,0
7500000,2700,New chandigarh mohali,0,0,0,0,,,0,1,1,,0,,0,0,1
6900000,1755,Dhakoli,0,1,1,1,,,0,1,1,1.0,0,,0,0,1
6500000,1640,New chandigarh mohali,0,0,0,0,,,0,0,0,,0,,0,0,0
13500000,1100,Sector 51,0,0,0,0,,,0,0,0,,0,,0,0,0
7500000,1100,Sector 60,0,0,0,0,,,0,1,0,,0,,0,0,0
27500000,4093,New chandigarh mohali,0,1,1,1,,,0,1,1,,0,,0,0,1
8000000,1125,Sector 78,0,1,0,0,,,0,0,0,,0,,0,0,0
9500000,1560,New chandigarh mohali,0,0,0,0,,,0,0,0,,0,,0,0,0
2750000,900,Dhakoli,0,0,0,0,,,0,0,0,,0,,0,0,0
3555000,990,Dhakoli,0,1,0,0,,,0,0,0,,0,,0,0,0
10500000,1800,Sector 79,0,0,0,0,,,0,0,0,,0,,0,0,0
3490000,1080,Sunny Enclave,0,1,0,0,,,0,0,0,,0,,0,0,0
3800000,1358,Dhakoli,0,1,0,0,,,0,1,0,1.0,0,,0,0,0
3190000,900,Dhakoli,0,1,0,0,,,0,0,0,,0,,0,0,0
4200000,1125,Dhakoli,0,1,0,0,,,0,0,0,,0,,0,0,0
7950100,1415,New chandigarh mohali,0,1,1,1,,,0,1,1,1.0,0,,0,0,1
12000000,1575,Sector 35,0,0,0,0,,,0,0,0,,0,,0,0,0
1690000,600,Sunny Enclave,0,1,0,0,,,0,0,0,,0,,0,0,0
100000000,9000,Sector 16,0,0,0,0,,,0,0,0,,0,,0,0,0
6200000,1350,Lohgarh,0,1,1,1,,,0,1,1,1.0,0,,0,0,1
32500000,3250,Sector 34,0,0,0,0,,,0,0,0,,0,,0,0,0
9505000,1596,New chandigarh mohali,0,0,1,1,,,0,1,1,1.0,0,,0,0,1
51000000,3000,Sector 19,0,0,0,1,,,0,1,0,,0,,0,0,0
3900000,1450,Gazipur,0,1,0,1,,,0,1,0,,0,,0,0,0
6200000,1800,Lohgarh,0,0,1,1,,,0,1,1,1.0,0,,0,0,1
16000000,2250,Sector 60,0,1,0,0,,,0,0,0,,0,,0,0,0
4299000,1350,Sunny Enclave,0,1,1,1,,,0,1,1,1.0,0,,0,0,1
31900000,1200,Sector 49,0,1,0,0,,,0,1,0,,0,,0,0,0
9000000,1440,Sector 78,0,0,0,0,,,0,1,0,,0,,0,0,0
7900000,2079,Dhakoli,0,1,1,1,,,0,1,1,1.0,0,,0,0,1
6499320,1640,New chandigarh mohali,0,0,1,0,,,0,1,1,,0,,0,0,1
3200000,1080,Dhakoli,0,1,0,0,,,0,0,0,,0,,0,0,0
2790000,855,Dhakoli,0,1,0,0,,,0,0,0,,0,,0,0,0
11000000,1400,Sector 22,0,1,0,0,,,0,0,0,,0,,0,0,0
3950000,1044,Dhakoli,0,0,0,0,,,0,0,0,,0,,0,0,0
7890000,1640,Dhakoli,0,1,1,1,,,0,1,1,1.0,0,,0,0,1
23600000,2250,Sector 34,0,1,0,0,,,0,0,0,,0,,0,0,0
42500000,5400,Sector 21,0,1,0,0,,,0,0,0,,0,,0,0,0
25000000,4500,Sector 69,0,0,0,0,,,0,1,0,,0,,0,0,0
4750000,1325,Lohgarh,0,1,0,1,,,0,0,0,,0,,0,0,0
7500000,2250,Togan,0,1,0,0,,,0,0,0,,0,,0,0,0
12500000,2250,Sector 59,0,0,0,0,,,0,0,0,,0,,0,0,0
3090000,1035,Sunny Enclave,0,1,0,0,,,0,0,0,,0,,0,0,0
3600000,1300,Dhakoli,0,1,0,0,,,0,1,0,1.0,0,,0,0,0
3090000,1200,Dhakoli,0,1,0,0,,,0,0,0,,0,,0,0,0
2420000,990,Dera Bassi,0,1,1,0,1.0,1.0,1,1,1,1.0,0,1.0,0,1,1
7020000,1772,Dhakoli,0,1,1,1,,,0,1,1,1.0,0,,0,0,1
3590000,1080,Patiala Road Zirakpur,0,1,1,0,1.0,1.0,1,1,1,1.0,0,1.0,0,1,1
5800000,1450,Dhakoli,0,1,1,1,,,0,1,1,1.0,0,,0,0,1
6350000,1800,Lohgarh,0,1,1,1,,,0,1,1,1.0,0,,0,0,1
23500000,2250,Sector 15,0,1,0,0,,,0,0,0,,0,,0,0,0
5700000,1180,New chandigarh mohali,0,0,1,0,,,0,0,1,,0,,0,0,1
2790000,855,Dhakoli,0,1,0,0,,,0,1,0,,0,,0,0,0
2750000,900,Dhakoli,0,0,0,0,,,0,0,0,,0,,0,0,0
7500000,1350,Sector 79,0,1,0,0,,,0,0,0,,0,,0,0,0
7890000,2250,Togan,0,1,1,1,,,0,1,1,,0,,0,0,1
3290000,900,Mohali Sector 127,0,1,1,0,1.0,1.0,1,1,1,1.0,0,1.0,0,1,0
4729000,1395,Omaxe New Chandigarh,0,1,1,1,1.0,1.0,1,1,1,1.0,0,1.0,0,1,1
3080000,1050,Peermachhala,0,1,0,0,1.0,1.0,1,0,0,,0,,0,0,0
4450000,1000,Dhakoli,0,1,0,1,,,0,1,0,,0,,0,0,0
23500000,3250,Sector 34,0,0,1,0,,,0,1,1,1.0,0,,0,0,1
2790000,1150,Zirakpur GAzipur Road,0,1,0,0,1.0,,0,0,0,,0,,0,0,0
3590000,850,Sec 124 Sunny Enclave,0,1,1,0,1.0,1.0,1,0,0,,1,,0,0,0
3490000,1100,Sunny Enclave,0,1,0,0,,,0,1,0,,0,,0,0,0
3800000,1360,Dhakoli,0,1,0,0,,,0,1,0,,0,,0,0,0
6500003,1755,Dhakoli,0,1,0,0,,,0,0,0,,0,,0,0,0
1790000,600,Mohali Sector 127,0,1,0,0,1.0,1.0,1,1,1,1.0,0,1.0,0,1,0
2690000,1100,Mohali Sector 127,0,1,1,0,1.0,1.0,1,1,0,,1,1.0,0,0,0
2750000,930,Mohali Sector 127,0,1,0,0,,,0,0,0,,0,,0,0,0
2690000,1050,Mohali Sector 127,0,1,0,0,1.0,1.0,1,1,1,1.0,0,1.0,0,1,0
4000000,1450,PEER MUCHALLA ADJOING SEC 20 PANCHKULA,0,1,0,0,1.0,,1,0,0,,0,,0,0,0
3890000,1100,Dhakoli,0,1,0,1,,,0,0,0,,0,,0,0,0
3690000,1100,Dhakoli,0,1,0,0,,,0,0,0,,0,,0,0,0
3600000,1190,Dhakoli,0,1,1,0,,,0,1,0,1.0,0,,0,0,1
3890000,1125,Dhakoli,0,1,0,0,,,0,0,0,,0,,0,0,0
3790000,1100,Dhakoli,0,1,0,0,,,0,1,0,,0,,0,0,0
6200000,1755,Dhakoli,0,1,0,0,,,0,0,0,,0,,0,0,0
2990000,900,Dhakoli,0,1,0,0,,,0,0,0,,0,,0,0,0
3750000,1150,Dhakoli,0,1,0,0,,,0,1,0,,0,,0,0,0
3000000,900,Dhakoli,0,1,0,0,,,0,1,0,,0,,0,0,0
5550000,1410,Dhakoli,0,1,1,1,,,0,1,1,,0,,0,0,1
3000000,900,Dhakoli,0,1,0,0,,,0,1,0,,0,,0,0,0
6250000,1755,Dhakoli,0,1,1,1,,,0,1,1,1.0,0,,0,0,1
6300000,1600,Dhakoli,0,1,1,1,,,0,1,1,,0,,0,0,1
3800000,1100,Dhakoli,0,1,0,0,,,0,1,0,,0,,0,0,0
3790000,1150,Dhakoli,0,1,0,0,,,0,0,0,,0,,0,0,0
3700000,1150,Dhakoli,0,1,0,0,,,0,1,0,,0,,0,0,0
5500000,1580,Dhakoli,0,1,1,1,,,0,1,1,,0,,0,0,0
3990000,1008,Dhakoli,0,1,0,0,,,0,0,0,,0,,0,0,0
2000000,900,Dhakoli,0,0,0,0,,,0,0,0,,0,,0,0,0
7000000,1640,New chandigarh mohali,0,0,0,0,,,0,1,1,,0,,0,0,1
3750000,1170,Dhakoli,0,1,0,1,,,0,1,0,,0,,0,0,0
3450000,1098,Dhakoli,0,1,0,0,,,0,1,0,,0,,0,0,0
3750000,1098,Dhakoli,0,1,0,1,,,0,1,0,,0,,0,0,0
3790000,1100,Dhakoli,0,1,0,1,,,0,1,0,,0,,0,0,0
2690000,855,Dhakoli,0,1,0,0,,,0,1,0,,0,,0,0,0
3790000,1170,Dhakoli,0,1,0,1,,,0,1,0,,0,,0,0,0
3590000,1100,Dhakoli,0,1,0,1,,,0,1,0,,0,,0,0,0
3790000,1100,Dhakoli,0,1,0,1,,,0,1,0,,0,,0,0,0
4100000,1100,Dhakoli,0,1,0,1,,,0,1,0,,0,,0,0,0
2790000,855,Dhakoli,0,1,0,0,,,0,1,0,,0,,0,0,0
2690000,855,Dhakoli,0,1,0,0,,,0,1,0,,0,,0,0,0
3490000,1098,Dhakoli,0,1,0,0,,,0,1,0,,0,,0,0,0
3790000,1098,Dhakoli,0,1,0,1,,,0,1,0,,0,,0,0,0
2790000,855,Dhakoli,0,1,0,0,,,0,1,0,,0,,0,0,0
3499200,1350,Lohgarh,0,1,0,0,,,0,0,0,,0,,0,0,0
8000000,1415,New chandigarh mohali,0,1,1,1,,,0,1,1,1.0,0,,0,0,1
14000000,2250,Sector 53,0,1,0,0,,,0,0,0,,0,,0,0,0
14000000,1800,Sector 60,0,1,0,0,,,0,0,0,,0,,0,0,0
8536178,1778,New chandigarh mohali,0,1,1,1,,,0,1,1,1.0,0,,0,0,1
7505160,1415,New chandigarh mohali,0,1,1,1,,,0,1,1,1.0,0,,0,0,1
13500000,2250,Sector 60,0,1,0,0,,,0,0,0,,0,,0,0,0
9500000,1800,Sector 69,0,0,0,0,,,0,0,0,,0,,0,0,0
23500000,2250,Sector 34,0,1,0,0,,,0,0,0,,0,,0,0,0
7501600,1415,New chandigarh mohali,0,1,1,1,,,0,1,1,1.0,0,,0,0,1
7503160,1415,New chandigarh mohali,0,1,1,1,,,0,1,1,1.0,0,,0,0,1
7510310,1415,New chandigarh mohali,0,1,1,1,,,0,1,1,1.0,0,,0,0,1
7510310,1415,New chandigarh mohali,0,1,1,1,,,0,1,1,1.0,0,,0,0,1
7501000,1415,New chandigarh mohali,0,1,1,1,,,0,1,1,1.0,0,,0,0,1
8460000,2550,Mullanpur Garibdass,0,1,1,1,,,0,1,1,1.0,0,,0,0,1
8130000,2450,Mullanpur Garibdass,0,1,1,1,,,0,1,1,1.0,0,,0,0,1
8190000,2300,Mullanpur Garibdass,0,1,1,1,,,0,1,1,1.0,0,,0,0,1
7135000,2000,Mullanpur Garibdass,0,1,1,1,,,0,1,1,1.0,0,,0,0,1
7135000,2000,Mullanpur,0,1,1,1,,,0,1,1,1.0,0,,0,0,1
5880000,1596,Mullanpur,0,1,1,1,,,0,1,1,1.0,0,,0,0,1
6690000,1955,Mullanpur,0,1,1,1,,,0,1,1,1.0,0,,0,0,1
7020000,2050,Mullanpur Garibdass,0,1,1,1,,,0,1,1,1.0,0,,0,0,1
6930000,2020,Mullanpur,0,1,1,1,,,0,1,1,1.0,0,,0,0,1
5820000,1580,Mullanpur Garibdass,0,1,1,1,,,0,1,1,1.0,0,,0,0,1
8130000,2450,Mullanpur,0,1,1,1,,,0,1,1,1.0,0,,0,0,1
7425000,2165,Mullanpur,0,1,1,1,,,0,1,1,1.0,0,,0,0,1
8190000,2300,Mullanpur,0,1,1,1,,,0,1,1,1.0,0,,0,0,1
3490000,1100,Sunny Enclave,0,1,0,0,,,0,0,0,,0,,0,0,0
3890000,1350,Sunny Enclave,0,1,0,0,,,0,0,0,,0,,0,0,0
3090000,1017,Sunny Enclave,0,1,0,0,,,0,0,0,,0,,0,0,0
8000000,2220,Sunny Enclave,0,1,0,0,,,0,0,0,,0,,0,0,0
3089000,1020,Sunny Enclave,0,1,0,0,,,0,0,0,,0,,0,0,0
2900000,1100,Dhakoli,0,1,0,0,,,0,1,0,1.0,0,,0,0,0
2900000,1250,Dhakoli,0,1,0,0,,,0,0,0,,0,,0,0,0
5200000,1600,Dhakoli,0,1,1,1,,,0,1,1,1.0,0,,0,0,1
3500000,1350,Dhakoli,0,1,0,0,,,0,0,0,,0,,0,0,0
3800000,1400,Dhakoli,0,1,0,0,,,0,1,0,1.0,0,,0,0,0
8550000,1666,Dhakoli,0,1,1,1,,,0,1,1,1.0,0,,0,0,1
8500300,1778,New chandigarh mohali,0,1,1,1,,,0,1,1,1.0,0,,0,0,1
8550030,1778,New chandigarh mohali,0,1,1,1,,,0,1,1,1.0,0,,0,0,1
8565003,1778,New chandigarh mohali,0,1,1,1,,,0,1,1,1.0,0,,0,0,1
7503160,1415,New chandigarh mohali,0,1,1,1,,,0,1,1,1.0,0,,0,0,1
8550030,1778,New chandigarh mohali,0,1,1,1,,,0,1,1,1.0,0,,0,0,1
8546500,1778,New chandigarh mohali,0,1,1,1,,,0,1,1,1.0,0,,0,0,1
8524650,1778,New chandigarh mohali,0,1,1,1,,,0,1,1,1.0,0,,0,0,1
8565003,1778,New chandigarh mohali,0,1,1,1,,,0,1,1,1.0,0,,0,0,1
3500000,1350,Dhakoli,0,1,0,0,,,0,0,0,,0,,0,0,0
2900000,1250,Dhakoli,0,1,0,0,,,0,0,0,,0,,0,0,0
3800000,1400,Dhakoli,0,1,0,0,,,0,1,0,1.0,0,,0,0,0
5200000,1600,Dhakoli,0,1,1,1,,,0,1,1,1.0,0,,0,0,1
8565003,1778,New chandigarh mohali,0,1,1,1,,,0,1,1,1.0,0,,0,0,1
8565003,1778,New chandigarh mohali,0,1,1,1,,,0,1,1,1.0,0,,0,0,1
9700000,2875,New Chandigarh Mullanpur,0,1,1,1,1.0,1.0,1,1,0,1.0,0,,0,1,1
3505260,1034,New Chandigarh Mullanpur,0,1,1,1,1.0,1.0,1,1,1,1.0,0,1.0,0,1,1
5500000,1730,Chandigarh Road,0,1,1,1,1.0,,1,0,0,,0,,0,0,1
5819000,1580,Omaxe New Chandigarh,0,1,1,1,1.0,,1,0,0,,0,,0,0,1
6396000,1725,New Chandigarh Mullanpur,0,1,1,0,1.0,,1,0,0,,0,,0,0,1
1490000,580,Mohali Sector 127,0,1,0,0,1.0,,1,0,0,,0,,0,0,0
6388000,1725,New Chandigarh Mullanpur,0,1,0,0,,,0,0,0,,0,,0,0,0
5817000,1580,Omaxe New Chandigarh,0,1,1,1,1.0,,1,0,0,,0,,0,0,1
1487000,580,Mohali Sector 127,0,1,0,0,,,1,0,0,,0,,0,0,0
3190000,1000,Dhakoli Zirakpur,0,1,1,0,1.0,1.0,1,1,1,,0,1.0,0,1,1
3000000,1500,Dhakoli Zirakpur,0,1,0,0,1.0,,0,0,0,,0,1.0,0,1,0
5700000,1580,New Chandigarh Mullanpur,0,1,1,1,1.0,1.0,1,1,1,1.0,0,1.0,0,1,1
3100000,1000,Dhakoli Zirakpur,0,1,1,0,1.0,1.0,1,1,1,1.0,0,1.0,0,0,0
5819000,1580,Omaxe New Chandigarh,0,1,1,1,1.0,1.0,1,1,1,,0,1.0,0,1,1
5820000,1580,Omaxe New Chandigarh,0,1,1,1,1.0,1.0,1,1,1,,0,1.0,0,1,1
6300000,1725,New Chandigarh Mullanpur,0,1,0,0,,,0,0,0,,0,,0,0,0
5820000,1580,New Chandigarh Mullanpur,0,1,0,0,,,0,0,0,,0,,0,0,0
3039000,1098,Mohali Sec 117,0,1,0,0,,,1,0,0,,0,,0,0,0
14000000,2000,Mohali Sec 66,0,1,0,1,1.0,,0,0,0,,0,,0,0,0
3490000,850,Sec 124 Sunny Enclave,0,1,0,0,1.0,,1,0,0,,1,,0,0,0
6387000,1725,New Chandigarh Mullanpur,0,1,1,0,1.0,1.0,1,1,1,,0,,0,1,1
6390000,1725,New Chandigarh Mullanpur,0,1,1,0,1.0,,1,0,0,,0,,0,0,1
5890000,1580,New Chandigarh Mullanpur,0,1,0,1,,,0,0,0,,0,,0,0,0
9300000,1880,Mullanpur,0,0,1,1,1.0,1.0,1,1,1,,1,,0,0,1
22500000,3150,Sector 37,0,0,0,1,1.0,,1,0,0,,0,,0,0,0
22500000,2250,Sector 34,0,0,0,1,1.0,,1,0,0,,0,,0,0,0
15000000,1800,Sector 38,0,0,0,0,1.0,,0,0,0,,0,,0,0,0
3590000,1350,Mohali Sector 127,0,1,0,0,1.0,1.0,1,1,1,,0,,0,1,0
4454000,1800,New Chandigarh Mullanpur,0,1,1,1,1.0,,1,0,0,,0,,0,0,1
7990000,2250,DLF Mullanpur,0,1,1,1,1.0,1.0,1,1,1,,1,1.0,0,1,1
6396000,1725,New Chandigarh Mullanpur,0,1,1,0,1.0,,1,0,0,,0,,0,0,1
9390000,2250,DLF Mullanpur,0,1,0,0,,,0,0,0,,0,,0,0,0
8590000,2250,DLF Mullanpur,0,1,1,1,1.0,1.0,1,1,1,,1,1.0,0,1,1
3040000,1098,Mohali Sec 117,0,1,0,0,,,1,0,0,,0,,0,0,0
3690000,1100,Dhakoli,0,0,0,0,,,0,0,0,,0,,0,0,0
3590000,1100,Dhakoli,0,0,0,0,,,0,0,0,,0,,0,0,0
3950000,1044,Dhakoli,0,0,0,0,,,0,0,0,,0,,0,0,0
2750000,900,Dhakoli,0,0,0,0,,,0,0,0,,0,,0,0,0
3690000,1100,Dhakoli,0,0,0,0,,,0,0,0,,0,,0,0,0
3590000,1100,Dhakoli,0,0,0,0,,,0,0,0,,0,,0,0,0
3950000,1044,Dhakoli,0,0,0,0,,,0,0,0,,0,,0,0,0
2750000,900,Dhakoli,0,0,0,0,,,0,0,0,,0,,0,0,0
3690000,1100,Dhakoli,0,0,0,0,,,0,0,0,,0,,0,0,0
3590000,1100,Dhakoli,0,0,0,0,,,0,0,0,,0,,0,0,0
3950000,1044,Dhakoli,0,0,0,0,,,0,0,0,,0,,0,0,0
2750000,900,Dhakoli,0,0,0,0,,,0,0,0,,0,,0,0,0
3690000,1100,Dhakoli,0,0,0,0,,,0,0,0,,0,,0,0,0
3590000,1100,Dhakoli,0,0,0,0,,,0,0,0,,0,,0,0,0
3950000,1044,Dhakoli,0,0,0,0,,,0,0,0,,0,,0,0,0
2750000,900,Dhakoli,0,0,0,0,,,0,0,0,,0,,0,0,0
3590000,1100,Dhakoli,0,0,0,0,,,0,0,0,,0,,0,0,0
3690000,1100,Dhakoli,0,0,0,0,,,0,0,0,,0,,0,0,0
1690000,550,Mohali Sec 125,0,1,1,0,1.0,1.0,1,1,0,1.0,1,,0,1,0
1790000,910,Mohali Sec 125,0,1,1,0,1.0,,1,1,0,1.0,1,1.0,0,1,0
1990000,910,Mohali Sector 127,0,1,1,0,1.0,,1,1,0,1.0,1,1.0,0,1,0
1790000,915,Mohali Sec 125,0,1,1,0,1.0,,1,0,0,,1,,0,0,0
3090000,910,Mohali Sec 125,0,1,1,0,1.0,,1,0,0,,1,,0,0,0
1890000,610,Mohali Sec 125,0,1,1,0,1.0,,1,1,0,,1,,0,0,0
1490000,599,Mohali Sector 127,0,1,1,0,1.0,,1,1,0,,1,,0,1,0
1690000,550,Mohali Sector 127,0,1,0,0,1.0,,1,1,0,,1,,0,1,0
1555000,588,Mohali Sec 125,0,1,1,0,1.0,,1,1,0,1.0,1,,0,1,0
1990000,915,Mohali Sector 127,0,1,1,0,1.0,,1,1,0,1.0,1,,0,1,0
1890000,951,Mohali Sector 127,0,1,1,0,1.0,,1,1,0,1.0,1,,0,1,0
1890000,915,Mohali Sector 127,0,1,1,0,1.0,1.0,1,1,0,1.0,1,,0,1,0
1750000,980,Mohali Sector 127,0,1,0,0,1.0,,1,1,0,1.0,1,1.0,0,1,0
1850000,915,Mohali Sector 127,0,1,1,0,1.0,1.0,1,1,0,1.0,1,,0,1,0
1450000,510,Mohali Sector 127,0,1,1,0,1.0,,1,1,0,1.0,1,,0,1,0
1490000,510,SEC 115 MOHALI KHARAR LANDRAN ROAD,0,1,1,0,1.0,1.0,1,1,0,1.0,1,,0,1,0
1690000,510,Mohali Sec 125,0,1,1,0,1.0,1.0,1,1,0,1.0,1,,0,1,1
1590000,510,SEC 115 MOHALI KHARAR LANDRAN ROAD,0,1,1,0,1.0,1.0,1,1,0,1.0,1,1.0,0,0,0
1490000,555,Mohali Sector 127,0,1,1,0,1.0,1.0,1,1,0,1.0,1,,0,1,0
1490000,510,Mohali Sector 127,0,1,1,0,1.0,,1,1,0,,1,,0,1,0
1890000,900,Mohali Sector 127,0,1,1,0,1.0,,1,0,0,,1,,0,0,0
1790000,910,Mohali Sector 127,0,1,1,0,1.0,1.0,1,1,0,,1,,0,0,0
1970000,1050,Mohali Sector 127,0,1,0,0,,,0,0,0,,0,,0,0,0
1790000,952,Mohali Sector 127,0,1,1,0,1.0,,0,1,0,1.0,1,1.0,0,1,0
1880000,600,Mohali Sector 127,0,1,1,0,1.0,,1,1,0,1.0,1,,0,1,0
1480520,510,Mohali Sector 127,0,1,1,0,1.0,,0,1,0,,1,,0,0,0
1480000,510,Mohali Sector 127,0,1,1,0,1.0,,1,1,0,1.0,1,,0,1,0
1690000,555,Mohali Sec 125,0,1,1,0,1.0,1.0,1,1,0,1.0,1,,0,1,0
1590000,510,SEC 115 MOHALI KHARAR LANDRAN ROAD,0,1,1,0,1.0,1.0,1,1,0,1.0,1,,0,1,0
1980000,1100,Mohali Sector 127,0,1,1,0,1.0,1.0,1,1,0,1.0,1,,0,1,0
1990000,1050,Mohali Sector 127,0,1,1,0,1.0,,1,0,0,,1,,0,0,0
1990000,910,Mohali Sector 127,0,1,1,0,1.0,,1,1,0,1.0,1,,0,1,0
1790000,915,Mohali Sector 127,0,1,1,0,1.0,1.0,1,1,0,1.0,1,,0,1,0
1490000,550,Mohali Sector 127,0,1,1,0,1.0,1.0,1,1,0,1.0,1,,0,1,0
1490000,600,Mohali Sector 127,0,1,1,0,1.0,,1,1,0,1.0,1,,0,1,0
1490000,623,SEC 115 MOHALI KHARAR LANDRAN ROAD,0,1,1,0,1.0,,1,1,0,1.0,1,,0,1,0
1990000,910,Mohali Sec 125,0,1,1,0,1.0,,1,0,0,,1,,0,0,0
1990000,910,Mohali Sector 127,0,1,1,0,1.0,,1,1,0,1.0,1,1.0,0,1,0
1790000,915,Mohali Sec 125,0,1,1,0,1.0,,1,0,0,,1,,0,0,0
3090000,910,Mohali Sec 125,0,1,1,0,1.0,,1,0,0,,1,,0,0,0
1890000,610,Mohali Sec 125,0,1,1,0,1.0,,1,1,0,,1,,0,0,0
1490000,599,Mohali Sector 127,0,1,1,0,1.0,,1,1,0,,1,,0,1,0
1690000,550,Mohali Sector 127,0,1,0,0,1.0,,1,1,0,,1,,0,1,0
1555000,588,Mohali Sec 125,0,1,1,0,1.0,,1,1,0,1.0,1,,0,1,0
1990000,915,Mohali Sector 127,0,1,1,0,1.0,,1,1,0,1.0,1,,0,1,0
1890000,951,Mohali Sector 127,0,1,1,0,1.0,,1,1,0,1.0,1,,0,1,0
1890000,915,Mohali Sector 127,0,1,1,0,1.0,1.0,1,1,0,1.0,1,,0,1,0
1750000,980,Mohali Sector 127,0,1,0,0,1.0,,1,1,0,1.0,1,1.0,0,1,0
1850000,915,Mohali Sector 127,0,1,1,0,1.0,1.0,1,1,0,1.0,1,,0,1,0
1450000,510,Mohali Sector 127,0,1,1,0,1.0,,1,1,0,1.0,1,,0,1,0
1490000,510,SEC 115 MOHALI KHARAR LANDRAN ROAD,0,1,1,0,1.0,1.0,1,1,0,1.0,1,,0,1,0
1690000,510,Mohali Sec 125,0,1,1,0,1.0,1.0,1,1,0,1.0,1,,0,1,1
1590000,510,SEC 115 MOHALI KHARAR LANDRAN ROAD,0,1,1,0,1.0,1.0,1,1,0,1.0,1,1.0,0,0,0
1490000,555,Mohali Sector 127,0,1,1,0,1.0,1.0,1,1,0,1.0,1,,0,1,0
1490000,510,Mohali Sector 127,0,1,1,0,1.0,,1,1,0,,1,,0,1,0
1890000,900,Mohali Sector 127,0,1,1,0,1.0,,1,0,0,,1,,0,0,0
1790000,910,Mohali Sector 127,0,1,1,0,1.0,1.0,1,1,0,,1,,0,0,0
2290000,570,Mohali Sector 127,0,1,1,0,1.0,1.0,1,1,0,,1,,0,0,0
1790000,600,Mohali Sector 127,0,1,1,0,1.0,,1,1,0,1.0,1,,0,0,0
1490000,550,Mohali Sector 127,0,1,1,0,1.0,,1,1,0,1.0,1,,0,1,0
2290000,1055,Mohali Sector 127,0,1,1,0,1.0,,1,1,0,,0,,0,0,0
3590000,1350,Mohali Sector 127,0,1,0,0,1.0,1.0,1,1,1,,0,,0,1,0
35000000,4500,IT Park Road,0,0,1,1,1.0,1.0,1,1,1,1.0,0,1.0,0,1,1
32500000,4500,IT Park Road,0,0,1,1,1.0,1.0,1,1,1,1.0,0,1.0,0,1,1
30000000,4500,IT Park Road,0,0,1,1,1.0,1.0,1,1,1,1.0,0,1.0,0,1,1
4090000,1200,Dhakoli,0,0,0,0,,,0,0,0,,0,,0,0,0
3990000,1125,Dhakoli,0,0,0,0,,,0,0,0,,0,,0,0,0
4790000,1800,Dhakoli,0,0,0,0,,,0,0,0,,0,,0,0,0
4190000,1125,Dhakoli,0,0,0,0,,,0,0,0,,0,,0,0,0
3990000,1125,Dhakoli,0,0,0,0,,,0,0,0,,0,,0,0,0
4090000,1200,Dhakoli,0,0,0,0,,,0,0,0,,0,,0,0,0
4190000,1125,Dhakoli,0,0,0,0,,,0,0,0,,0,,0,0,0
4790000,1800,Dhakoli,0,0,0,0,,,0,0,0,,0,,0,0,0
3990000,1125,Dhakoli,0,0,0,0,,,0,0,0,,0,,0,0,0
4090000,1200,Dhakoli,0,0,0,0,,,0,0,0,,0,,0,0,0
4190000,1125,Dhakoli,0,0,0,0,,,0,0,0,,0,,0,0,0
4790000,1800,Dhakoli,0,0,0,0,,,0,0,0,,0,,0,0,0
3690000,1368,Highland Marg,0,1,0,0,1.0,1.0,1,1,0,,0,,0,0,0
2750000,930,Mohali Sector 127,0,1,0,0,,,0,0,0,,0,,0,0,0
1890000,600,SEC 115 MOHALI KHARAR LANDRAN ROAD,0,1,1,0,1.0,,1,1,0,1.0,1,,0,0,0
1590000,495,SEC 115 MOHALI KHARAR LANDRAN ROAD,0,1,1,0,1.0,,1,1,0,1.0,1,,0,0,0
2750000,930,Mohali Sector 127,0,1,1,0,1.0,1.0,1,1,0,,1,,0,1,0
9390000,2250,DLF Mullanpur,0,1,0,0,,,0,0,0,,0,,0,0,0
1790000,675,SEC 115 MOHALI KHARAR LANDRAN ROAD,0,1,1,0,1.0,,1,1,0,1.0,1,,0,0,0
2990000,900,Mohali Sector 127,0,1,1,0,1.0,,1,1,0,1.0,1,,0,0,0
1890000,675,Mohali Sector 127,0,1,1,0,1.0,,1,1,0,1.0,1,,0,0,0
2890000,1053,SEC 115 MOHALI KHARAR LANDRAN ROAD,0,1,1,0,1.0,,1,1,0,1.0,1,,0,0,0
8990000,2385,DLF Mullanpur,0,1,0,0,,,0,0,0,,0,,0,0,0
1690000,540,Chandigarh Airport Area,0,1,1,0,1.0,1.0,1,1,0,,0,1.0,0,1,0
2490000,810,Chandigarh Airport Area,0,1,1,0,1.0,1.0,0,1,0,,1,1.0,0,1,0
1590000,495,SEC 115 MOHALI KHARAR LANDRAN ROAD,0,1,1,0,1.0,,1,1,0,1.0,1,,0,0,0
2490000,810,Mohali Sector 127,0,1,0,0,,,0,0,0,,0,,0,0,0
3200000,1100,PEER MUCHALLA ADJOING SEC 20 PANCHKULA,0,1,0,0,1.0,,1,0,0,,0,,0,0,0
3900000,1350,PEER MUCHALLA ADJOING SEC 20 PANCHKULA,0,1,0,1,1.0,,1,0,0,,0,,0,0,0
8490000,2385,Togan,0,1,1,1,,,0,1,1,,0,,0,0,1
7890000,2250,Togan,0,1,1,1,,,0,1,1,,0,,0,0,1
1690000,540,Mohali Sector 127,0,1,0,0,,,0,0,0,,0,,0,0,0
2490000,970,kharar landran road,0,1,0,0,,,0,0,0,,0,,0,0,0
2475000,1200,sector 5 Mubarikpur road derabassi,0,1,0,0,1.0,,1,0,1,,0,,0,0,0
2775000,1320,sector 5 Mubarikpur road derabassi,0,1,0,0,1.0,,1,0,1,,0,,0,0,0
6500000,1810,Ambala Highway,0,1,1,1,1.0,,1,0,1,,0,1.0,0,1,1
2690000,1000,Gazipur Road,0,1,0,0,1.0,,1,0,0,,0,,0,1,0
1590000,540,Mohali Sector 127,0,1,0,0,1.0,1.0,1,0,0,,0,,0,1,0
2475000,1120,sector 5 Mubarikpur road derabassi,0,1,0,0,1.0,,1,0,1,,0,,0,1,0
6490000,1739,Ambala Highway,0,1,1,1,1.0,,1,1,1,,1,1.0,0,1,1
6490000,1720,Ambala Highway,0,1,1,1,1.0,,1,1,1,,0,1.0,0,1,1
2475000,1120,sector 5 Mubarikpur road derabassi,0,1,0,0,1.0,,1,0,1,,0,,0,1,0
6750000,1845,Patiala Road,0,1,0,0,1.0,,1,0,1,,0,,0,0,0
5090000,810,SEC 115 MOHALI KHARAR LANDRAN ROAD,0,1,0,0,,,0,0,0,,0,,0,0,0
1690000,550,Mohali Sector 127,0,1,0,0,,,0,0,0,,0,,0,0,0
2475000,1120,sector 5 Mubarikpur road derabassi,0,1,0,0,1.0,,1,0,0,,0,,0,0,0
3590000,1550,Dera Bassi,0,1,0,1,1.0,,1,0,0,,0,,0,0,0
3590000,1550,Dera Bassi,0,1,0,0,1.0,,1,0,0,,0,,0,0,0
3590000,1550,Dera Bassi,0,1,0,0,1.0,,1,0,0,,0,,0,0,0
3290000,1250,Dera Bassi,0,1,0,0,1.0,,1,0,1,,0,,0,1,0
3290000,1250,Dera Bassi,0,1,0,0,1.0,,1,0,1,,0,,0,1,0
2475000,1110,sector 5 Mubarikpur road derabassi,0,1,0,0,1.0,,1,0,0,,0,,0,0,0
3470000,990,Kharar Mohali,0,1,0,0,,,0,0,0,,0,,0,0,0
3480000,990,Kharar Mohali,0,1,0,0,,,0,0,0,,0,,0,0,0
5817000,1580,New Chandigarh Mullanpur,0,1,0,1,,,0,0,0,,0,,0,0,0
2475000,1210,sector 5 Mubarikpur road derabassi,0,1,1,0,1.0,,1,0,1,,0,,0,1,0
2975000,1500,sector 5 Mubarikpur road derabassi,0,1,0,0,1.0,,1,0,0,,0,,0,0,1
3390000,1350,Mohali Sector 127,0,1,0,0,,,0,0,0,,0,,0,0,0
1690000,750,Ambala Highway,0,1,1,1,1.0,,1,0,0,,0,,0,1,0
2475000,1125,sector 5 Mubarikpur road derabassi,0,1,1,0,1.0,,1,0,0,,0,,0,0,1
2490000,1210,sector 5 Mubarikpur road derabassi,0,1,0,0,1.0,,1,0,1,,0,,0,1,0
3275000,1350,sector 5 Mubarikpur road derabassi,0,1,0,0,1.0,,1,0,1,,0,,0,1,0
1340000,515,Panchkula Road,0,1,1,1,1.0,1.0,1,1,1,,0,,0,1,1
4990000,1800,Vip Road Zirakpur,0,1,0,0,1.0,,1,0,0,,0,,0,0,0
6500000,1800,Zirakpur Road,0,1,1,1,1.0,1.0,1,1,1,1.0,0,1.0,0,1,1
2094000,780,Panchkula Road,0,1,1,1,1.0,1.0,1,1,1,1.0,0,1.0,0,1,1
1962000,730,Panchkula Road,0,1,1,1,1.0,1.0,1,1,1,1.0,0,1.0,0,1,1
1400000,535,Panchkula Road,0,1,1,1,1.0,1.0,1,1,1,1.0,0,1.0,0,1,1
2094000,780,Panchkula Road,0,1,1,1,1.0,,1,0,1,,0,,0,0,1
4990000,1800,Vip Road Zirakpur,0,1,0,0,1.0,,1,0,0,,0,,0,0,0
3700000,900,Zirakpur GAzipur Road,0,1,0,0,1.0,,1,0,0,,0,,0,0,0
1340500,515,Panchkula Road,0,1,1,1,1.0,1.0,1,1,1,1.0,0,1.0,0,1,1
1962000,730,Panchkula Road,0,1,1,1,1.0,1.0,1,1,1,1.0,1,1.0,0,1,1
1340000,515,Panchkula Road,0,1,1,1,1.0,1.0,1,1,1,1.0,1,1.0,0,1,1
4990000,900,Vip Road Zirakpur,0,1,0,0,1.0,,1,0,0,,0,,0,0,0
5590000,900,Vip Road Zirakpur,0,1,0,0,1.0,,1,0,0,,0,,0,0,0
1962000,730,Panchkula Road,0,1,1,1,1.0,,1,0,0,,1,,0,0,1
4990000,1710,Vip Road Zirakpur,0,1,0,0,1.0,,1,0,0,,0,,0,0,0
1340500,512,Panchkula Road,0,1,1,1,1.0,,1,0,0,,1,,0,0,1
4990000,1800,Vip Road Zirakpur,0,1,0,0,1.0,,1,0,0,,0,,0,0,0
2094000,780,Panchkula Road,0,1,1,1,1.0,,1,0,0,,1,,0,1,1
2590000,900,Zirakpur GAzipur Road,0,1,0,0,1.0,,1,1,0,,0,,0,1,0
1962000,730,Panchkula Road,0,1,1,1,1.0,1.0,1,1,1,1.0,1,1.0,0,1,1
1340000,515,Panchkula Road,0,1,1,1,1.0,1.0,1,1,1,1.0,1,1.0,0,1,1
1962000,730,Panchkula Road,0,1,1,1,1.0,,1,0,1,,1,1.0,0,1,1
2094000,780,Panchkula Road,0,1,1,1,1.0,1.0,1,1,1,1.0,1,1.0,0,1,1
3690000,1017,Patiala Road Zirakpur,0,1,0,0,1.0,,1,0,0,,0,,0,1,0
6190000,1737,Ambala Highway,0,1,1,1,1.0,1.0,1,1,1,1.0,1,1.0,0,1,1
1340500,515,Panchkula Road,0,1,1,1,1.0,,1,0,1,,0,,0,1,0
2094000,780,Panchkula Road,0,1,1,1,1.0,,1,0,1,,0,,0,1,1
1340500,515,Panchkula Road,0,1,1,1,1.0,,1,0,1,,0,,0,1,1
1340500,515,Panchkula Road,0,1,1,1,1.0,,0,0,1,,0,1.0,0,1,1
4990000,1800,Vip Road Zirakpur,0,1,0,0,1.0,,1,0,0,,0,,0,0,0
1962000,730,Panchkula Road,0,1,1,1,1.0,,1,0,1,,0,,0,1,1
1490000,800,Patiala Road Zirakpur,0,1,0,1,1.0,,1,0,0,,0,,0,0,0
1340000,513,Panchkula Road,0,1,1,1,1.0,,1,1,1,,0,,0,1,1
1400000,535,Panchkula Road,0,1,0,1,1.0,,1,0,0,,0,,0,0,0
1340000,515,Panchkula Road,0,1,1,1,1.0,1.0,1,1,1,1.0,1,1.0,0,1,1
4990000,1800,Vip Road Zirakpur,0,1,0,0,1.0,,1,0,0,,0,,0,0,0
4990000,1800,Vip Road Zirakpur,0,1,0,0,1.0,,1,0,0,,0,,0,0,0
2094000,780,Panchkula Road,0,1,1,1,1.0,1.0,1,1,1,1.0,1,1.0,0,1,1
1962000,730,Panchkula Road,0,1,1,1,1.0,1.0,1,1,1,1.0,1,1.0,0,1,1
1962000,730,Panchkula Road,0,1,1,1,1.0,,1,0,1,,1,,0,1,1
1400000,535,Panchkula Road,0,1,1,1,1.0,1.0,1,1,1,1.0,1,1.0,0,1,1
1400000,535,Panchkula Road,0,1,1,1,1.0,1.0,1,1,1,1.0,1,1.0,0,1,1
1400000,535,Panchkula Road,0,1,1,1,1.0,1.0,1,1,1,1.0,1,1.0,0,1,1
2094000,780,Panchkula Road,0,1,1,1,1.0,1.0,1,1,1,1.0,1,1.0,0,1,1
2094000,780,Panchkula Road,0,1,1,1,1.0,,1,1,1,,0,,0,0,0
2094000,780,Panchkula Road,0,1,1,1,1.0,,1,0,1,,0,,0,1,1
1340000,515,Panchkula Road,0,1,1,1,1.0,,1,0,1,,0,,0,0,1
1340500,515,Panchkula Road,0,1,1,1,,,1,0,1,,0,,0,0,1
1962000,730,Panchkula Road,0,1,1,1,1.0,,1,0,1,,0,,0,0,1
1400000,535,Panchkula Road,0,1,1,1,1.0,,1,0,1,,0,,0,0,1
2475000,1120,sector 5 Mubarikpur road derabassi,0,1,0,0,1.0,,1,0,0,,0,,0,0,0
3590000,1550,Dera Bassi,0,1,0,0,1.0,,1,0,1,,0,,0,1,0
3480000,990,Kharar Mohali,0,1,0,0,,,0,0,0,,0,,0,0,0
2990000,950,SEC 115 MOHALI KHARAR LANDRAN ROAD,0,1,1,0,1.0,1.0,1,1,1,,1,1.0,0,1,0
2490000,970,SEC 115 MOHALI KHARAR LANDRAN ROAD,0,1,1,0,1.0,1.0,1,1,0,,0,,0,1,0
1790000,630,Airport Road,0,1,1,0,1.0,1.0,1,1,0,,0,1.0,0,1,0
2750000,930,Mohali Sector 127,0,1,1,0,1.0,1.0,1,1,0,,1,1.0,0,1,0
2690000,900,Mohali Sector 127,0,1,1,0,1.0,1.0,1,1,0,,0,1.0,0,1,0
3470000,990,Kharar Mohali,0,1,0,0,1.0,1.0,1,0,0,,0,,0,0,0
3235000,1520,sector 5 Mubarikpur road derabassi,0,1,1,0,1.0,,1,0,0,,1,,0,0,0
3290000,800,Mohali Sector 127,0,1,0,0,,,0,0,0,,0,,0,0,0
2475000,1200,sector 5 Mubarikpur road derabassi,0,1,0,0,,,0,0,0,,0,,0,0,0
3480000,990,Kharar Mohali,0,1,0,0,,,0,0,0,,0,,0,0,0
4095000,1242,Zirakpur punjab,0,1,0,0,,,0,0,0,,0,,0,0,0
6300000,1737,Zirakpur punjab,0,1,1,1,1.0,1.0,1,1,1,1.0,0,1.0,0,1,1
6100000,1710,Zirakpur Road,0,1,1,1,1.0,1.0,1,1,1,1.0,0,1.0,0,1,1
6000000,1737,Airport Road,0,1,1,1,1.0,1.0,1,1,1,1.0,0,1.0,0,1,1
6000000,1737,Zirakpur Road,0,1,1,1,1.0,1.0,1,1,1,1.0,0,1.0,0,1,1
3450000,990,Patiala Road Zirakpur,0,1,0,0,1.0,1.0,1,0,0,,0,,0,1,0
6390000,1773,Zirakpur Road,0,1,0,1,1.0,1.0,0,0,0,,0,,0,0,0
11155000,1550,Chandigarh International Airport,0,1,0,0,,,0,0,0,,0,,0,0,0
6490000,1710,Airport Road,0,1,0,0,1.0,,1,1,0,,0,,0,1,0
6000000,1600,Zirakpur punjab,0,1,1,1,1.0,,1,1,1,,0,1.0,0,0,1
6390000,1737,Ambala Highway,0,1,1,1,1.0,,1,0,0,,0,,0,0,0
6690000,1800,Patiala Road,0,1,0,1,1.0,1.0,1,0,1,,1,1.0,0,1,1
2950000,1050,Zirakpur Road,0,1,0,0,1.0,1.0,1,0,0,,0,,0,0,0
6000000,1710,Zirakpur Road,0,1,1,1,1.0,1.0,1,1,1,1.0,0,1.0,0,1,1
6390000,1737,Ambala Highway,0,1,0,0,,,0,0,0,,0,,0,0,0
7390000,1638,Zirakpur punjab,0,1,0,0,,,0,0,0,,0,,0,0,0
8800000,2250,Zirakpur Road,0,1,1,1,1.0,1.0,1,1,1,1.0,0,1.0,0,1,1
8800000,2250,Zirakpur Road,0,1,1,1,1.0,1.0,1,1,1,1.0,0,1.0,0,1,1
2790000,930,Mohali Sector 127,0,1,0,0,,,0,0,0,,0,,0,0,0
2790000,930,Mohali Sector 127,0,1,0,0,,,0,0,0,,0,,0,0,0
3490000,990,Kharar Mohali,0,1,0,0,1.0,1.0,1,0,0,,0,,0,0,0
3290000,963,Mohali Sector 127,0,1,1,0,1.0,,1,1,0,1.0,1,,0,0,0
2990000,990,SEC 115 MOHALI KHARAR LANDRAN ROAD,0,1,1,0,1.0,,1,1,0,1.0,1,,0,0,0
2390000,810,Mohali Sector 127,0,1,1,0,1.0,,1,1,0,1.0,1,,0,0,0
6211000,2150,85 Mohali Stadium Road,0,1,1,1,1.0,1.0,1,1,1,1.0,0,1.0,0,1,1
6700000,1625,Mohali Sec 118,0,1,1,1,1.0,1.0,1,1,1,1.0,1,1.0,0,1,1
2490000,1020,Mohali Sec 125,0,1,0,0,1.0,1.0,1,0,0,1.0,0,1.0,0,1,0
5400000,1000,Sector 80,0,0,0,0,,,0,0,0,,0,,0,0,0
9390000,2250,DLF Mullanpur,0,1,0,0,,,0,0,0,,0,,0,0,0
2690000,1000,Zirakpur GAzipur Road,0,1,0,0,1.0,,1,0,1,,0,,0,1,0
5290000,1510,Aerocity Road,0,1,1,1,1.0,,1,0,1,,0,,0,1,1
2690000,1000,Zirakpur GAzipur Road,0,1,0,0,1.0,,1,0,0,,0,,0,0,0
38000000,2600,Sector 28,0,1,0,1,1.0,,0,0,0,,0,,0,0,0
2475000,1120,sector 5 Mubarikpur road derabassi,0,1,0,0,1.0,,1,0,0,,0,,0,0,0
1890000,900,SEC 115 MOHALI KHARAR LANDRAN ROAD,0,1,0,0,,,0,0,0,,0,,0,0,0
2090000,900,Mohali Sec 125,0,1,0,0,,,0,0,0,,0,,0,0,0
2090000,900,Mohali Sec 125,0,1,0,0,,,0,0,0,,0,,0,0,0
2090000,900,Mohali Sec 125,0,1,0,0,,,0,0,0,,0,,0,0,0
1590000,650,SECTOR 115 MOHALI ON KHARAR LANDRAN ROAD,0,1,0,0,,,0,0,0,,0,,0,0,0
1990000,600,Mohali Sector 127,0,1,0,0,,,0,0,0,,0,,0,0,0
3790000,1215,Mohali Sector 127,0,1,0,0,,,0,0,0,,0,,0,0,0
1790000,630,Mohali Sector 127,0,1,0,0,,,0,0,0,,0,,0,0,0
1890000,900,SEC 115 MOHALI KHARAR LANDRAN ROAD,0,1,0,0,,,0,0,0,,0,,0,0,0
2475000,1120,sector 5 Mubarikpur road derabassi,0,1,0,1,1.0,,1,0,0,,0,,0,0,0
3590000,1550,Dera Bassi,0,1,0,1,1.0,,1,0,1,,0,,0,0,0
3590000,1550,Dera Bassi,0,1,0,1,1.0,,1,0,0,,0,,0,0,0
9500000,1800,Sector 67,0,0,0,0,,,0,0,0,,0,,0,0,0
9500000,1800,Sector 67,0,0,0,0,,,0,0,0,,0,,0,0,0
3890000,810,Mohali Sector 127,0,1,0,0,,,0,0,0,,0,,0,0,0
1690000,540,Mohali Sector 127,0,1,0,0,,,0,0,0,,0,,0,0,0
9390000,2250,DLF Mullanpur,0,1,0,0,,,0,0,0,,0,,0,0,0
7990000,2250,DLF Mullanpur,0,1,0,0,,,0,0,0,,0,,0,0,0
1590000,540,Mohali Sector 127,0,1,0,0,,,0,0,0,,0,,0,0,0
2690000,900,Sec 124 Sunny Enclave,0,1,0,0,,,0,0,0,,0,,0,0,0
2790000,910,Mohali Sector 127,0,1,0,0,,,0,0,0,,0,,0,0,0
4490000,920,SEC 116 MOHALI KHARAR LANDRAN ROAD,0,0,0,0,,,0,0,0,,0,,0,0,0
9390000,2250,DLF Mullanpur,0,1,1,1,1.0,1.0,1,1,1,,1,1.0,0,1,1
1700000,540,Patiala Road Zirakpur,0,1,0,0,1.0,,1,1,0,,1,,0,1,0
6099570,1710,Zirakpur punjab,0,1,1,1,1.0,1.0,1,1,1,1.0,0,1.0,0,1,1
5900000,1596,New Chandigarh Mullanpur,0,1,0,0,,,0,0,0,,0,,0,0,0
4500000,1285,New Chandigarh Mullanpur,0,1,1,1,1.0,1.0,1,1,1,1.0,0,1.0,0,1,1
6200000,1596,New Chandigarh Mullanpur,0,1,1,1,1.0,1.0,1,1,1,1.0,0,1.0,0,1,1
7100000,2250,Mullanpur Garibdass,0,1,1,1,1.0,1.0,1,1,1,1.0,0,1.0,0,1,1
6900000,1596,Mullanpur New Chandigarh,0,1,1,1,1.0,1.0,1,1,1,1.0,0,1.0,0,1,1
6900000,1710,Ambala Highway,0,1,1,1,,,1,0,0,,1,,0,0,1
2590000,1125,Mohali Sector 127,0,1,0,0,1.0,,1,0,0,,0,,0,0,0
8500000,1485,Sector 88 Mohali,0,1,1,1,1.0,1.0,1,1,1,1.0,1,1.0,0,1,1
4000000,1650,Mohali Sec 125,0,0,0,0,,,0,0,0,,0,,0,0,0
4500000,1650,Sunny Enclave,0,0,0,0,,,0,0,0,,0,,0,0,0
3240000,1230,SEC 115 MOHALI KHARAR LANDRAN ROAD,0,1,1,1,1.0,,1,1,1,,1,1.0,0,1,1
1890000,540,Mohali Sector 127,0,1,0,0,,,0,0,0,,0,,0,0,0
2490000,970,SEC 115 MOHALI KHARAR LANDRAN ROAD,0,1,0,0,,,0,0,0,,0,,0,0,0
2690000,900,Mohali Sec 124,0,1,0,0,,,0,0,0,,0,,0,0,0
1590000,540,Mohali Sector 127,0,1,0,0,,,0,0,0,,0,,0,0,0
2790000,930,Mohali Sector 127,0,1,0,0,,,0,0,0,,0,,0,0,0
2790000,910,Mohali Sector 127,0,1,0,0,,,0,0,0,,0,,0,0,0
2850000,990,SEC 115 MOHALI KHARAR LANDRAN ROAD,0,1,0,0,,,0,0,0,,0,,0,0,0
3990000,1620,Mohali Sector 127,0,1,0,0,,,0,0,0,,0,,0,0,0
6400000,2150,Mohali Sec 70,0,1,1,1,1.0,1.0,1,1,1,1.0,1,1.0,0,1,1
6400000,2100,Mohali Sec 90,0,1,1,1,1.0,1.0,1,1,1,1.0,1,1.0,0,1,1
6400000,2100,Mohali Sec 71,0,1,1,1,1.0,1.0,1,1,1,1.0,1,1.0,0,1,1
6400000,2100,Sector 71,0,1,1,1,1.0,1.0,1,1,1,1.0,1,1.0,0,1,1
8590000,2250,DLF Mullanpur,0,1,0,0,,,0,0,0,,0,,0,0,0
4450000,1800,New Chandigarh Mullanpur,0,1,1,1,1.0,,1,0,0,,0,,0,0,1
2690000,1000,Zirakpur GAzipur Road,0,1,0,0,1.0,,1,0,0,,0,1.0,0,1,0
9390000,2250,DLF Mullanpur,0,1,0,0,,,0,0,0,,0,,0,0,0
6700000,1625,Mohali Sec 118,0,1,1,1,1.0,1.0,1,1,1,1.0,1,1.0,0,1,1
4500000,2565,SEC 115 MOHALI KHARAR LANDRAN ROAD,0,0,0,0,,,0,0,0,,0,,0,0,0
8200000,1730,Dhakoli,0,1,0,0,,,0,0,0,,0,,0,0,0
4490000,920,SEC 116 MOHALI KHARAR LANDRAN ROAD,0,0,0,0,,,0,0,0,,0,,0,0,0
1690000,560,Mohali Sector 127,0,1,0,0,,,0,0,0,,0,,0,0,0
4490000,920,SEC 116 MOHALI KHARAR LANDRAN ROAD,0,1,0,0,,,0,0,0,,0,,0,0,0
3490000,1055,Mohali Sector 127,0,1,0,0,,,0,0,0,,0,,0,0,0
2890000,1000,Mohali Sec 124,0,1,0,0,,,0,0,0,,0,,0,0,0
4890000,1650,Vip Road Zirakpur,0,1,1,1,1.0,,1,0,1,,0,,0,1,1
1590000,560,Mohali Sector 127,0,1,0,0,,,0,0,0,,0,,0,0,0
2690000,930,Mohali Sector 127,0,1,0,0,,,0,0,0,,0,,0,0,0
1650000,625,TDI city,0,0,0,0,,,0,0,0,,0,,0,0,0
2590000,880,Mohali Sector 127,0,1,0,0,,,0,0,0,,0,,0,0,0
3690000,1040,sector 123,0,1,0,0,,,0,0,0,,0,,0,0,0
2690000,900,Sec 124 Sunny Enclave,0,1,0,0,,,0,0,0,,0,,0,0,0
15400000,2075,Chandigarh,0,1,0,0,,,0,0,0,,0,,0,0,0
15500000,2075,Chandigarh,0,1,0,0,,,0,0,0,,0,,0,0,0
23700000,3200,Chandigarh,0,1,0,0,,,0,0,0,,0,,0,0,0
2094000,1200,Dera Bassi,0,1,1,0,1.0,,1,0,1,,0,,0,0,1
5290000,1410,Aerocity Road,0,1,1,1,1.0,,1,1,1,,1,1.0,0,1,1
2690000,1100,Zirakpur GAzipur Road,0,1,0,0,1.0,,1,0,0,,1,,0,0,0
2590000,900,Mohali Sector 127,0,1,1,0,1.0,1.0,1,1,0,,0,1.0,0,1,0
3300000,800,Kharar Mohali,0,1,0,0,,,0,0,0,,0,,0,0,0
4190000,850,Mohali Sector 127,0,1,0,0,,,0,0,0,,0,,0,0,0
2790000,927,sector 123,0,1,0,0,1.0,,1,0,0,,0,,0,0,0
2690000,930,Kharar Mohali,0,1,0,0,,,0,0,0,,0,,0,0,0
2690000,930,Kharar Mohali,0,1,0,0,,,0,0,0,,0,,0,0,0
2490000,860,Kharar Mohali,0,1,0,0,,,0,0,0,,0,,0,0,0
1590000,630,Kharar Mohali,0,1,0,0,,,0,0,0,,0,,0,0,0
2850000,1030,Kharar Mohali,0,1,0,0,,,0,0,0,,0,,0,0,0
3539000,1550,SEC 115 MOHALI KHARAR LANDRAN ROAD,0,1,0,0,,,0,0,0,,0,,0,0,0
1790000,650,Mohali Sector 127,0,1,0,0,,,0,0,0,,0,,0,0,0
5000000,860,SEC 115 MOHALI KHARAR LANDRAN ROAD,0,1,0,0,,,0,0,0,,0,,0,0,0
2890000,950,Mohali Sector 127,0,1,0,0,,,0,0,0,,0,,0,0,0
1690000,620,Mohali Sector 127,0,1,0,0,,,0,0,0,,0,,0,0,0
3590000,1100,Mohali Sector 127,0,1,0,0,,,0,0,0,,0,,0,0,0
1690000,620,Mohali Sector 127,0,1,0,0,,,0,0,0,,0,,0,0,0
3700000,1080,Zirakpur punjab,0,1,0,0,,,0,0,0,,0,,0,0,0
3700000,1080,Zirakpur Road,0,1,0,0,,,0,0,0,,0,,0,0,0
7000000,1710,Zirakpur Road,0,1,0,0,,,0,0,0,,0,,0,0,0
3990000,1750,SEC 115 MOHALI KHARAR LANDRAN ROAD,0,1,0,0,,,0,0,0,,0,,0,0,0
5190000,1701,Vip Road Zirakpur,0,1,0,0,1.0,,1,0,0,,0,,0,0,0
2690000,1050,Ambala Highway,0,1,0,0,1.0,,1,0,0,,0,,0,0,0
2850000,1030,SECTOR 115 MOHALI ON KHARAR LANDRAN ROAD,0,1,0,0,,,0,0,0,,0,,0,0,0
6600000,1771,Mohali Sec 117,0,1,1,1,1.0,1.0,1,1,1,1.0,1,1.0,0,1,1
8700000,1250,Sector 63,0,0,0,0,,,0,0,0,,0,,0,0,0
2690000,930,Mohali Sector 127,0,1,0,0,,,0,0,0,,0,,0,0,0
2690000,930,Mohali Sector 127,0,1,0,0,,,0,0,0,,0,,0,0,0
1689000,610,Mohali Sector 127,0,1,0,0,,,0,0,0,,0,,0,0,0
1690000,615,Mohali Sector 127,0,1,0,0,,,0,0,0,,0,,0,0,0
2590000,950,Mohali Sector 127,0,1,0,0,,,0,0,0,,0,,0,0,0
6541000,1771,Mohali Sec 117,0,1,1,1,1.0,1.0,1,1,1,1.0,1,1.0,0,1,1
3350000,1020,Zirakpur punjab,0,1,0,0,,,0,0,0,,0,,0,0,0
3890000,1260,SEC 115 MOHALI KHARAR LANDRAN ROAD,0,1,0,0,,,0,0,0,,0,,0,0,0
2790000,1000,Zirakpur GAzipur Road,0,1,0,0,1.0,,1,0,0,,0,,0,0,0
3600000,1100,Zirakpur GAzipur Road,0,1,0,0,1.0,,1,0,0,,0,,0,0,0
5590000,1410,Aerocity Road,0,1,1,1,1.0,,1,0,1,,1,,0,1,1
3299000,1308,SEC 116 MOHALI ON KHARAR LANDRAN ROAD,0,1,0,1,1.0,1.0,1,0,0,,0,,0,0,0
3590000,1050,SEC 115 MOHALI KHARAR LANDRAN ROAD,0,1,1,1,1.0,1.0,1,1,1,1.0,1,1.0,0,1,0
3750000,1080,Patiala Road Zirakpur,0,1,0,0,,,0,0,0,,0,,0,0,0
6890000,1800,Ambala Highway,0,1,1,1,1.0,,1,0,1,,1,1.0,0,1,1
6890000,1800,Ambala Highway,0,1,1,1,1.0,,0,1,1,,1,1.0,0,1,1
2790000,1100,Zirakpur GAzipur Road,0,1,0,0,1.0,,1,0,1,,0,,0,1,0
2790000,1100,Zirakpur GAzipur Road,0,1,0,0,,,0,0,0,,0,,0,0,0
1590000,600,Dera Bassi,0,1,0,0,,,0,0,0,,0,,0,0,0
1690000,650,Dera Bassi,0,1,0,0,,,0,0,0,,0,,0,0,0
1690000,650,Dera Bassi,0,1,0,0,,,0,0,0,,0,,0,0,0
3790000,1350,Mohali Sector 127,0,1,0,0,,,0,0,0,,0,,0,0,0
3390000,1300,Mohali Sec 125,0,1,0,0,,,0,0,0,,0,,0,0,0
1990000,700,Dhakoli Zirakpur,0,1,0,0,1.0,,1,0,0,,0,,0,0,0
3700000,1200,Zirakpur GAzipur Road,0,1,0,0,1.0,,1,0,1,,0,,0,0,1
3600000,1050,Zirakpur GAzipur Road,0,1,0,0,1.0,,1,0,0,,0,,0,0,0
2790000,1000,Zirakpur GAzipur Road,0,1,0,0,1.0,,1,0,0,,0,,0,0,0
5490000,1500,Aerocity Road,0,1,1,1,1.0,,1,0,1,,0,,0,0,1
6190000,1800,Zirakpur punjab,0,1,1,1,1.0,,1,0,1,,0,1.0,0,1,1
1690000,700,SEC 115 MOHALI KHARAR LANDRAN ROAD,0,1,0,0,,,0,0,0,,0,,0,0,0
2550000,1010,Airport Road,0,1,0,0,1.0,1.0,1,0,0,1.0,0,1.0,0,0,0
1890000,750,Dhakoli Zirakpur,0,1,0,0,1.0,,1,0,0,,0,,0,0,0
2700000,1100,Zirakpur GAzipur Road,0,1,0,0,1.0,,1,0,0,,0,,0,0,0
3600000,1100,Zirakpur GAzipur Road,0,1,0,0,1.0,,1,0,0,,0,,0,0,0
2690000,1000,Zirakpur GAzipur Road,0,1,0,0,1.0,,1,0,0,,0,,0,0,0
2690000,1100,Zirakpur GAzipur Road,0,1,0,0,1.0,,1,0,0,,1,,0,1,0
3600000,1100,Ambala Highway,0,1,0,1,1.0,,1,0,1,,1,,0,1,0
6190000,1738,Ambala Highway,0,1,1,1,1.0,,1,0,1,,0,1.0,0,1,1
4090000,1530,SEC 115 MOHALI KHARAR LANDRAN ROAD,0,1,0,1,1.0,,1,1,1,,0,1.0,0,1,1
3240000,1230,SEC 115 MOHALI KHARAR LANDRAN ROAD,0,1,1,1,1.0,,1,1,1,,0,1.0,0,1,1
2790000,1000,Zirakpur GAzipur Road,0,1,0,0,,,0,0,0,,0,,0,0,0
1890000,870,Dhakoli Zirakpur,0,1,1,0,1.0,,1,0,1,,0,,0,1,0
5590000,1410,Aerocity Road,0,1,1,1,1.0,,1,0,1,,1,1.0,0,1,1
2750000,1000,Zirakpur GAzipur Road,0,1,0,0,1.0,,1,0,0,,0,,0,0,0
5790000,1500,Aerocity Road,0,1,0,1,1.0,,1,0,0,,0,,0,0,0
6500000,1800,Mohali Sec 118,0,1,0,0,,,0,0,0,,0,,0,0,0
2750000,900,SEC 115 MOHALI KHARAR LANDRAN ROAD,0,1,0,0,1.0,1.0,1,0,0,,0,,0,0,0
2790000,1000,Zirakpur GAzipur Road,0,1,0,0,,,0,0,0,,0,,0,0,0
1590000,600,Dera Bassi,0,1,0,0,,,0,0,0,,0,,0,0,0
1690000,600,Dera Bassi,0,1,0,0,,,0,0,0,,0,,0,0,0
5290000,1418,Airport Road,0,1,1,1,1.0,,1,1,1,,0,1.0,0,1,1
5590000,1410,Airport Road,0,1,1,1,1.0,,1,0,1,,0,,0,0,1
5590000,1410,Aerocity Road,0,1,0,1,1.0,,1,0,1,,0,,0,1,1
3790000,1530,SEC 115 MOHALI KHARAR LANDRAN ROAD,0,1,1,1,1.0,,1,0,1,,0,,0,1,1
3240000,1230,SEC 115 MOHALI KHARAR LANDRAN ROAD,0,1,1,1,1.0,,1,0,1,,0,1.0,0,1,1
5290000,4150,Aerocity Road,0,1,0,1,1.0,,1,0,0,,0,,0,0,1
2750000,1050,Zirakpur GAzipur Road,0,1,0,0,1.0,,1,0,0,,0,,0,0,0
3700000,1100,Zirakpur punjab,0,1,0,0,1.0,,1,0,0,,0,,0,0,0
5290000,1410,Aerocity Road,0,1,1,1,1.0,,1,0,1,,0,,0,0,1
2690000,1000,SEC 115 MOHALI KHARAR LANDRAN ROAD,0,1,0,0,,,0,0,0,,0,,0,0,0
6690000,1800,Ambala Highway,0,1,0,0,,,0,0,0,,0,,0,0,0
3700000,1110,Zirakpur GAzipur Road,0,1,0,0,,,0,0,0,,0,,0,0,0
3700000,1110,Zirakpur GAzipur Road,0,1,0,0,,,0,0,0,,0,,0,0,0
3700000,1110,Zirakpur GAzipur Road,0,1,0,0,,,0,0,0,,0,,0,0,0
2790000,1100,Zirakpur GAzipur Road,0,1,0,0,,,0,0,0,,0,,0,0,0
4000000,1320,Zirakpur GAzipur Road,0,1,0,0,,,0,0,0,,0,,0,0,0
6690000,1800,Ambala Highway,0,1,0,0,,,0,0,0,,0,,0,0,0
2690000,900,Mohali Sector 127,0,1,0,0,1.0,,1,0,0,,0,,0,0,0
1690000,600,Dera Bassi,0,1,0,0,,,0,0,0,,0,,0,0,0
1690000,600,Dera Bassi,0,1,0,0,,,0,0,0,,0,,0,0,0
1669000,600,Dera Bassi,0,1,0,0,,,0,0,0,,0,,0,0,0
2790000,1100,Zirakpur GAzipur Road,0,1,0,0,,,0,0,0,,0,,0,0,0
3450000,1110,Zirakpur GAzipur Road,0,1,0,0,,,0,0,0,,0,,0,0,0
2790000,1100,Zirakpur GAzipur Road,0,1,0,0,,,0,0,0,,0,,0,0,0
2590000,1100,Dera Bassi,0,1,0,0,,,0,0,0,,0,,0,0,0
5290000,1500,Airport Road,0,1,1,1,1.0,,1,0,1,,0,,0,0,0
3240000,1600,SEC 115 MOHALI KHARAR LANDRAN ROAD,0,1,1,1,1.0,,1,0,1,,0,,0,0,1
2990000,1500,SEC 115 MOHALI KHARAR LANDRAN ROAD,0,1,1,1,1.0,,1,0,1,,0,,0,1,1
2200000,1300,Dera Bassi,0,1,0,0,1.0,,1,0,1,,0,,0,0,0
3240000,1600,SEC 115 MOHALI KHARAR LANDRAN ROAD,0,1,1,1,1.0,,1,0,1,,0,,0,0,1
2990000,1500,SEC 115 MOHALI KHARAR LANDRAN ROAD,0,1,1,1,1.0,,1,0,1,,0,,0,1,1
2200000,1300,Dera Bassi,0,1,0,0,1.0,,1,0,1,,0,,0,0,0
1962000,780,Panchkula Road,0,1,1,1,1.0,,1,0,1,,0,,0,0,1
4990000,1900,Vip Road Zirakpur,0,1,0,0,1.0,,1,0,0,,0,,0,0,0
6890000,1800,Ambala Highway,0,1,0,0,,,0,0,0,,0,,0,0,0
1690000,700,SEC 115 MOHALI KHARAR LANDRAN ROAD,0,1,0,0,,,0,0,0,,0,,0,0,0
6990000,1800,Ambala Highway,0,1,0,0,,,0,0,0,,0,,0,0,0
2790000,1000,Zirakpur GAzipur Road,0,1,0,0,,,0,0,0,,0,,0,0,0
2550000,1100,sector 5 Mubarikpur road derabassi,0,1,0,0,,,0,0,0,,0,,0,0,0
3590000,1210,Dera Bassi,0,1,0,0,,,0,0,0,,0,,0,0,0
1600000,600,Dera Bassi,0,1,0,0,,,0,0,0,,0,,0,0,0
2590000,1110,sector 5 Mubarikpur road derabassi,0,1,0,0,,,0,0,0,,0,,0,0,0
2790000,1100,Zirakpur GAzipur Road,0,1,0,0,,,0,0,0,,0,,0,0,0
2790000,1100,Zirakpur GAzipur Road,0,1,0,0,,,0,0,0,,0,,0,0,0
5815000,1580,New Chandigarh Mullanpur,0,1,1,1,1.0,1.0,1,1,1,1.0,0,,0,1,1
5810000,1580,New Chandigarh Mullanpur,0,1,1,1,1.0,1.0,1,1,1,1.0,0,1.0,0,1,1
5820000,1580,New Chandigarh Mullanpur,0,1,1,1,1.0,1.0,1,1,1,,0,,0,1,1
3390000,1350,Dera Bassi,0,1,0,0,,,0,0,0,,0,,0,0,0
3390000,1350,Dera Bassi,0,1,0,0,,,0,0,0,,0,,0,0,0
3390000,1350,Dera Bassi,0,1,0,0,,,0,0,0,,0,,0,0,0
3390000,1350,Dera Bassi,0,1,0,0,,,0,0,0,,0,,0,0,0
3390000,1350,Dera Bassi,0,1,0,0,,,0,0,0,,0,,0,0,0
3390000,1350,Dera Bassi,0,1,0,0,,,0,0,0,,0,,0,0,0
3390000,1350,Dera Bassi,0,1,0,0,,,0,0,0,,0,,0,0,0
3390000,1350,Dera Bassi,0,1,0,0,,,0,0,0,,0,,0,0,0
3390000,1350,Dera Bassi,0,1,0,0,,,0,0,0,,0,,0,0,0
3390000,1350,Dera Bassi,0,1,0,0,,,0,0,0,,0,,0,0,0
6952375,1675,New Chandigarh Mullanpur,0,1,1,1,1.0,1.0,1,1,1,1.0,0,1.0,0,1,1
6492600,1560,New Chandigarh Mullanpur,0,1,1,1,1.0,1.0,1,1,1,1.0,0,1.0,0,1,1
4193300,980,New Chandigarh Mullanpur,0,1,1,1,1.0,1.0,1,1,1,1.0,0,1.0,0,1,1
3390000,1350,Dera Bassi,0,1,0,0,,,0,0,0,,0,,0,0,0
4390000,1485,Dhakoli,0,1,0,1,,,1,0,0,,0,,0,0,0
7885000,1725,New Chandigarh Mullanpur,0,1,0,0,1.0,,1,0,1,,0,1.0,0,1,0
3600000,1034,New Chandigarh Mullanpur,0,1,1,1,1.0,1.0,1,1,1,1.0,0,1.0,0,1,1
4290000,1425,Kharar Mohali,0,1,1,1,1.0,1.0,1,1,1,1.0,0,1.0,0,1,1
5800000,1180,Mullanpur New Chandigarh,0,1,0,0,1.0,,0,0,0,,0,,0,0,0
4795000,1180,Mullanpur New Chandigarh,0,0,0,0,,,0,1,0,,0,,0,0,0
6200000,1640,Mullanpur Garibdass,0,0,0,0,,,0,0,0,,0,,0,0,0
6800000,1640,Mullanpur New Chandigarh,0,0,0,0,,,0,0,0,,0,,0,0,0
7600000,2140,Mullanpur New Chandigarh,0,0,0,0,1.0,,0,0,0,,0,,0,0,0
5700000,1180,Mullanpur New Chandigarh,0,0,0,0,1.0,,1,0,0,,0,,0,0,0
5600000,1180,Mullanpur Garibdass,0,0,0,0,1.0,,1,0,0,,0,,0,0,0
5860000,1640,Mullanpur New Chandigarh,0,0,0,0,1.0,,1,1,0,,0,,0,0,0
6100000,1640,Mullanpur New Chandigarh,0,0,0,0,,,0,0,0,,0,,0,0,0
9000000,1560,New Chandigarh Mullanpur,0,0,0,0,,,0,0,0,,0,,0,0,0
2000000,1073,Dera Bassi,0,1,0,0,1.0,1.0,1,1,1,,1,,0,1,0
1590000,580,Mohali Sector 127,0,1,0,0,,,0,0,0,,0,,0,0,0
3260000,1308,SEC 116 MOHALI KHARAR LANDRAN ROAD,0,0,0,1,1.0,1.0,1,0,0,,0,,0,0,0
3590000,1130,Mohali Sector 127,0,1,1,0,1.0,,1,0,0,,1,,0,0,0
3450000,1308,SEC 115 MOHALI KHARAR LANDRAN ROAD,0,1,1,0,1.0,,1,0,0,,0,,0,0,0
3789000,1750,Lohgarh,0,1,1,0,,,0,0,1,1.0,0,,0,0,1
4150000,1580,Dhakoli,0,1,1,0,,,0,1,1,1.0,0,,0,0,0
3700000,1750,Lohgarh,0,1,1,0,,,0,0,1,1.0,0,,0,0,0
4250000,1580,Dhakoli,0,0,1,0,,,0,1,1,1.0,0,,0,0,1
3450000,1210,Zirakpur GAzipur Road,0,1,0,0,,,0,0,0,,0,,0,0,0
3450000,1210,Zirakpur GAzipur Road,0,1,0,0,,,0,0,0,,0,,0,0,0
5190000,1150,New Chandigarh Mullanpur,0,1,0,0,,,0,0,0,,0,,0,0,0
2390000,920,Mohali Sector 127,0,1,1,0,1.0,,1,1,0,1.0,1,1.0,0,1,0
3390000,1300,Mohali Sec 125,0,1,0,0,1.0,1.0,1,1,0,,1,,0,1,0
4000000,1368,Highland Marg,0,1,0,0,1.0,1.0,1,0,0,,0,,0,0,0
3890000,1368,Highland Marg,0,1,0,0,1.0,1.0,1,0,0,,0,,0,0,0
4190000,1368,Highland Marg,0,1,0,0,1.0,1.0,1,0,0,,0,,0,0,0
3890000,1369,Highland Marg,0,1,0,0,1.0,1.0,1,1,0,,0,,0,0,0
3490000,1100,Mohali Sector 127,0,1,0,0,1.0,1.0,1,1,0,,0,,0,1,0
2190000,900,Mohali Sector 127,0,1,0,0,1.0,1.0,1,1,0,,0,,0,1,0
2090000,900,Dera Bassi,0,1,1,0,1.0,1.0,1,1,1,1.0,0,1.0,0,1,0
1450000,560,Dera Bassi,0,1,0,0,1.0,1.0,0,1,0,,0,,0,0,0
2475000,1120,sector 5 Mubarikpur road derabassi,0,1,0,0,1.0,,1,0,0,,0,,0,0,0
4490000,1053,Mohali Sec 125,0,1,0,0,1.0,,0,0,0,,0,,0,0,0
3490000,1625,Dera Bassi,0,1,0,0,1.0,,1,0,1,,0,,0,1,0
3995000,1369,Highland Marg,0,1,0,0,1.0,1.0,1,0,0,,0,,0,0,0
4195000,1369,Highland Marg,0,1,0,0,1.0,1.0,1,0,0,,0,,0,0,0
3890000,1368,Highland Marg,0,1,0,0,1.0,1.0,1,0,0,,0,,0,0,0
4190000,1300,Patiala Road Zirakpur,0,1,0,1,1.0,,1,1,0,,0,,0,0,0
2790000,1111,sector 123,0,1,0,0,1.0,1.0,1,0,0,,0,,0,1,0
2590000,945,Shivalik Vihar Road,0,1,1,0,1.0,,1,1,0,1.0,1,,0,1,0
6600000,2250,Mullanpur Garibdass,0,1,1,0,1.0,1.0,1,1,1,1.0,1,1.0,0,1,1
4000000,1350,Peermachhala,0,1,0,1,1.0,,1,0,0,,0,,0,0,0
3900000,1350,PEER MUCHALLA ADJOING SEC 20 PANCHKULA,0,1,0,1,1.0,,1,0,0,,0,,0,0,0
6900000,1800,Zirakpur Road,0,1,1,1,1.0,,1,0,0,,1,,0,0,1
4000000,1450,PEER MUCHALLA ADJOING SEC 20 PANCHKULA,0,1,0,0,1.0,,1,0,0,,0,,0,0,0
4000000,1400,PEER MUCHALLA ADJOING SEC 20 PANCHKULA,0,1,0,1,1.0,,1,0,0,,0,,0,0,0
4000000,1500,Sector 20 Panchkula,0,1,0,0,1.0,,0,0,0,,0,,0,0,0
3200000,1250,NEARBY PEERMUCHALLA SECTOR 20 PANCHKULA,0,1,0,0,1.0,,1,0,0,,0,,0,0,0
6000000,1800,PEER MUCHALLA ADJOING SEC 20 PANCHKULA,0,1,1,1,1.0,,1,0,0,,1,,0,0,1
2950000,1050,Dhakoli,0,1,0,0,,,0,1,0,1.0,0,,0,0,0
3900000,1350,PEER MUCHALLA ADJOING SEC 20 PANCHKULA,0,1,0,1,1.0,,1,0,0,,0,,0,0,0
2390000,850,kharar landran road,0,1,1,0,1.0,1.0,1,1,0,,0,,0,1,0
2750000,1000,Airport Road,0,1,1,0,1.0,1.0,1,1,0,,0,,0,1,0
1690000,600,Mohali Sector 127,0,1,1,0,1.0,1.0,1,1,0,,0,,0,1,0
3950000,1080,Patiala Road Zirakpur,0,1,0,0,1.0,1.0,1,1,0,,1,,0,1,1
3990000,1310,PEER MUCHALLA ADJOING SEC 20 PANCHKULA,0,1,0,1,1.0,,1,0,0,,0,,0,0,0
3400000,1550,Mohali Sec 125,0,1,0,0,1.0,1.0,1,0,1,,0,,0,0,0
1550000,460,Patiala Road Zirakpur,0,1,1,1,1.0,1.0,1,1,1,1.0,1,1.0,0,1,1
1600000,460,Patiala Road Zirakpur,0,1,1,1,1.0,1.0,1,1,1,1.0,1,1.0,0,1,1
1650000,460,Patiala Road Zirakpur,0,1,1,1,1.0,1.0,1,1,1,1.0,1,1.0,0,1,1
1850000,510,Patiala Road Zirakpur,0,1,1,1,1.0,1.0,1,1,1,1.0,1,1.0,0,1,1
1750000,510,Patiala Road Zirakpur,0,1,1,1,1.0,1.0,1,1,1,1.0,1,1.0,0,1,1
1800000,510,Patiala Road Zirakpur,0,1,1,1,1.0,1.0,1,1,1,1.0,1,1.0,0,1,1
1850000,510,Patiala Road Zirakpur,0,1,1,1,1.0,1.0,1,1,1,1.0,1,1.0,0,1,1
2590000,1100,Panchkula Road,0,1,0,0,1.0,,1,0,0,,0,,0,0,0
3490000,1550,Sec 124 Sunny Enclave,0,1,0,0,1.0,1.0,1,0,0,,0,,0,0,0
3400000,1550,Mohali Sec 125,0,1,0,0,1.0,1.0,1,1,0,,0,,0,0,0
7290000,2018,Mohali Sector 127,0,1,1,1,1.0,1.0,1,1,1,1.0,1,1.0,0,1,1
6600000,2250,New Chandigarh Mullanpur,0,1,0,0,,,0,0,0,,0,,0,0,0
6600000,2250,Mullanpur Garibdass,0,1,1,1,1.0,1.0,1,1,1,1.0,1,1.0,0,1,1
3600000,1400,PEER MUCHALLA ADJOING SEC 20 PANCHKULA,0,1,0,0,1.0,,0,0,0,,1,,0,0,1
4000000,1500,PEER MUCHALLA ADJOING SEC 20 PANCHKULA,0,1,0,0,1.0,,1,0,0,,0,,0,0,0
3200000,1200,NEARBY PEERMUCHALLA SECTOR 20 PANCHKULA,0,1,0,0,1.0,,1,0,0,,1,,0,0,0
4000000,1400,PEER MUCHALLA ADJOING SEC 20 PANCHKULA,0,1,0,0,1.0,,1,0,0,,1,,0,0,0
3900000,1350,PEER MUCHALLA ADJOING SEC 20 PANCHKULA,0,1,0,1,1.0,,1,0,0,,0,,0,0,0
3900000,1350,Peermachhala,0,1,0,1,1.0,,1,0,0,,0,,0,0,0
3500000,1450,PEER MUCHALLA ADJOING SEC 20 PANCHKULA,0,1,0,0,1.0,,1,0,0,,0,,0,0,0
3490000,1000,Gazipur Road,0,1,0,0,,,0,0,0,,0,,0,0,0
2890000,1000,Gazipur Road,0,1,0,0,,,0,0,0,,0,,0,0,0
4100000,1350,Patiala Road Zirakpur,0,1,1,1,1.0,1.0,1,1,1,,1,1.0,0,1,1
7190000,2250,Mohali Sec 92,0,1,1,1,1.0,1.0,1,1,1,,0,1.0,0,1,1
7990000,2250,DLF Mullanpur,0,1,1,1,1.0,1.0,1,1,1,1.0,1,,0,1,0
7000000,1908,Patiala Road,0,1,0,1,1.0,1.0,1,0,0,,0,,0,0,0
6550000,1710,Airport Road,0,1,0,1,1.0,1.0,1,0,0,,0,1.0,0,0,0
3200000,1350,Dera Bassi,0,1,0,0,1.0,1.0,1,0,0,,0,,0,0,0
3000000,1200,Dhakoli,0,0,0,0,,,0,1,0,,0,,0,0,0
3190000,900,Dhakoli,0,0,0,0,,,0,1,0,,0,,0,0,0
3200000,1200,Dhakoli,0,0,0,0,,,0,1,0,,0,,0,0,0
3090000,900,Dhakoli,0,0,0,0,,,0,1,0,,0,,0,0,0
3200000,1200,Dhakoli,0,0,0,0,,,0,1,0,,0,,0,0,0
3190000,900,Dhakoli,0,0,0,0,,,0,1,0,,0,,0,0,0
3090000,900,Dhakoli,0,0,0,0,,,0,1,0,,0,,0,0,0
3090000,900,Dhakoli,0,0,0,0,,,0,1,0,,0,,0,0,0
3900000,1400,PEER MUCHALLA ADJOING SEC 20 PANCHKULA,0,1,0,1,1.0,,1,0,0,,1,,0,0,0
3200000,1250,Peermachhala,0,1,0,0,1.0,,1,0,0,,0,,0,0,0
3900000,1350,NEARBY PEERMUCHALLA SECTOR 20 PANCHKULA,0,1,0,1,1.0,,1,0,0,,0,,0,0,0
3500000,1350,NEARBY PEERMUCHALLA SECTOR 20 PANCHKULA,0,1,0,1,1.0,,1,0,0,,0,,0,0,0
3500000,1190,PEER MUCHALLA ADJOING SEC 20 PANCHKULA,0,1,0,0,1.0,,1,0,0,,0,,0,0,0
3150000,1150,Dhakoli,0,1,0,0,,,0,1,0,,0,,0,0,0
3300000,1100,Dhakoli,0,1,0,0,,,0,1,0,,0,,0,0,0
7990000,2098,DLF Mullanpur,0,1,1,1,1.0,1.0,1,1,1,,1,1.0,0,1,1
7990000,2250,DLF Mullanpur,0,1,1,1,1.0,1.0,1,1,1,,1,1.0,0,1,0
1750000,510,Patiala Road Zirakpur,0,1,1,1,1.0,1.0,1,1,1,1.0,1,1.0,0,1,1
1800000,510,Patiala Road Zirakpur,0,1,1,1,1.0,1.0,1,1,1,1.0,1,1.0,0,1,1
1850000,510,Patiala Road Zirakpur,0,1,1,1,1.0,1.0,1,1,1,1.0,1,1.0,0,1,1
1750000,510,Patiala Road Zirakpur,0,1,1,1,1.0,1.0,1,1,1,1.0,1,1.0,0,1,1
1800000,510,Patiala Road Zirakpur,0,1,1,1,1.0,1.0,1,1,1,1.0,1,1.0,0,1,1
1850000,510,Patiala Road Zirakpur,0,1,1,1,1.0,1.0,1,1,1,1.0,1,1.0,0,1,1
1550000,460,Patiala Road Zirakpur,0,1,1,1,1.0,1.0,1,1,1,1.0,1,1.0,0,1,1
1600000,460,Patiala Road Zirakpur,0,1,1,1,1.0,1.0,1,1,1,1.0,1,1.0,0,1,1
3090000,1080,PEER MUCHALLA ADJOING SEC 20 PANCHKULA,0,1,1,0,1.0,,1,1,0,,0,1.0,0,0,1
8100000,1818,Airport Road,0,1,1,1,1.0,1.0,1,1,1,1.0,1,1.0,0,1,1
1650000,460,Patiala Road Zirakpur,0,1,1,1,1.0,1.0,1,1,1,1.0,1,1.0,0,1,1
1550000,460,Patiala Road Zirakpur,0,1,1,1,1.0,1.0,1,1,1,1.0,1,1.0,0,1,1
1600000,460,Patiala Road Zirakpur,0,1,1,1,1.0,1.0,1,1,1,1.0,1,1.0,0,1,1
7990000,2385,DLF Mullanpur,0,1,1,1,1.0,,1,1,1,,1,,0,1,1
6290000,1734,Zirakpur punjab,0,1,1,1,1.0,1.0,1,1,1,,0,,0,1,1
1590000,600,Mohali Sector 127,0,1,0,0,1.0,1.0,1,0,0,,0,,0,0,0
1590000,600,Mohali Sector 127,0,1,0,0,1.0,1.0,1,0,0,,0,,0,0,0
1590000,600,Mohali Sector 127,0,1,0,0,1.0,1.0,1,0,0,,0,,0,0,0
1590000,600,Mohali Sector 127,0,1,0,0,1.0,1.0,1,0,0,,0,,0,0,0
1590000,600,Mohali Sector 127,0,1,0,0,1.0,1.0,1,0,0,,0,,0,0,0
3680000,1234,Mohali Sector 127,0,1,1,1,1.0,,1,1,1,1.0,1,,0,0,1
3690000,1234,Mohali Sector 127,0,1,1,1,1.0,,1,1,1,,1,,0,0,1
3500000,1190,Peermachhala,0,1,0,0,1.0,1.0,1,1,0,1.0,0,,0,1,0
3870000,1000,Mohali Sector 127,0,1,0,0,1.0,1.0,1,0,0,,1,,0,0,0
1980000,1050,Mohali Sector 127,0,1,1,0,1.0,,1,1,0,1.0,1,1.0,0,0,0
2290000,950,Mohali Sector 127,0,1,1,0,1.0,,1,1,0,1.0,1,,0,1,0
1450000,555,SEC 115 MOHALI KHARAR LANDRAN ROAD,0,1,1,0,1.0,,1,1,0,1.0,1,,0,1,0
1950000,999,Mohali Sector 127,0,1,1,0,1.0,,1,1,0,1.0,1,,0,1,0
3590000,1000,Mohali Sec 117,0,1,0,0,1.0,,1,0,0,,1,,0,0,0
3590000,1620,Dera Bassi,0,1,0,0,1.0,,1,0,0,,0,,0,0,0
3300000,1100,Dhakoli,0,1,0,0,,,0,0,0,,0,,0,0,0
3790000,1750,Gazipur,0,1,0,0,,,0,0,0,,0,,0,0,0
3795000,1650,Badal Colony,0,1,0,0,,,0,0,0,,0,,0,0,0
2690000,1010,Mohali Sector 127,0,1,0,0,1.0,1.0,1,1,0,,0,,0,1,0
2685000,1010,Mohali Sector 127,0,1,0,0,1.0,1.0,1,1,0,,0,,0,1,0
1990000,810,Mohali Sector 127,0,1,0,0,1.0,,0,0,0,,0,,0,0,0
2190000,810,Mohali Sector 127,0,1,0,0,1.0,1.0,1,1,0,,0,,0,1,0
3190000,1150,Mohali Sector 127,0,1,0,0,1.0,1.0,1,1,0,,0,,0,1,0
3180000,1150,Mohali Sec 125,0,1,0,0,1.0,1.0,1,1,0,,0,,0,1,0
2690000,1008,Mohali Sector 127,0,1,0,0,1.0,1.0,1,1,0,,0,,0,1,0
2670000,1010,Mohali Sector 127,0,1,0,0,1.0,1.0,1,1,0,,0,1.0,0,1,0
2090000,950,Mohali Sector 127,0,1,0,0,1.0,1.0,1,1,0,,0,,0,1,0
3190000,1350,Mohali Sector 127,0,1,0,0,1.0,1.0,1,1,0,,0,,0,1,0
3790000,1750,Gazipur,0,1,0,0,,,0,0,0,,0,,0,0,0
3750000,1600,Dhakoli,0,1,0,0,,,0,0,0,,0,,0,0,0
3700000,1600,Gazipur,0,1,0,0,,,0,0,0,,0,,0,0,0
3700000,1650,Gazipur,0,1,0,0,,,0,0,0,,0,,0,0,0
1490000,550,SECTOR 115 MOHALI ON KHARAR LANDRAN ROAD,0,1,0,0,1.0,1.0,1,1,0,,0,,0,1,0
2685000,1015,Mohali Sector 127,0,1,0,0,1.0,1.0,1,1,0,,0,,0,1,0
2690000,945,Mohali Sector 127,0,1,0,0,1.0,1.0,1,1,0,,0,,0,1,0
2490000,945,Mohali Sector 127,0,1,0,0,1.0,1.0,1,1,0,,0,,0,1,0
3490000,1134,Mohali Sector 127,0,1,0,0,1.0,1.0,1,1,0,,0,,0,1,0
3390000,1296,Mohali Sector 127,0,1,0,0,1.0,1.0,1,1,0,,0,,0,1,0
2490000,960,Mohali Sector 127,0,1,0,0,1.0,1.0,1,1,0,,0,,0,1,0
2990000,1350,Mohali Sector 127,0,1,0,0,1.0,1.0,1,1,0,,0,,0,1,0
3590000,1150,Mohali Sector 127,0,1,0,0,1.0,1.0,1,1,0,,0,,0,1,0
2490000,950,SEC 115 MOHALI KHARAR LANDRAN ROAD,0,1,0,0,1.0,1.0,1,1,0,1.0,0,,0,1,0
2085000,900,Mohali Sector 127,0,1,0,0,1.0,1.0,1,1,0,,0,,0,1,0
3590000,1150,Mohali Sector 127,0,1,0,0,1.0,1.0,1,1,0,,0,,0,1,0
2775000,1015,Mohali Sector 127,0,1,0,0,1.0,1.0,1,1,0,,0,,0,1,0
3485000,1140,Mohali Sector 127,0,1,0,0,1.0,1.0,1,1,0,,0,,0,1,0
2675000,1015,Mohali Sector 127,0,1,1,0,1.0,1.0,0,1,0,,0,,0,1,0
4690000,1350,Mohali Sec 117,0,1,0,1,1.0,1.0,1,1,1,,0,1.0,0,1,0
6490000,1910,Aerocity,0,1,0,1,1.0,1.0,1,1,1,,0,1.0,0,1,0
4790000,1410,Aerocity Road,0,1,0,1,1.0,1.0,1,1,1,,0,1.0,0,1,0
2290000,780,SEC 115 MOHALI KHARAR LANDRAN ROAD,0,1,0,0,1.0,1.0,1,1,0,,0,1.0,0,1,0
2490000,900,SEC 115 MOHALI KHARAR LANDRAN ROAD,0,1,0,0,1.0,,1,0,0,,0,,0,0,0
2990000,1125,Sec 124 Sunny Enclave,0,1,0,0,1.0,,1,0,0,,0,,0,0,0
3190000,1135,Mohali Sec 125,0,1,0,0,1.0,1.0,1,1,0,,0,,0,1,0
1990000,970,Sector115,0,1,1,0,1.0,,1,1,0,,1,,0,1,0
4000000,1400,PEER MUCHALLA ADJOING SEC 20 PANCHKULA,0,1,0,1,1.0,,1,0,0,,0,,0,0,0
3500000,1350,PEER MUCHALLA ADJOING SEC 20 PANCHKULA,0,1,1,0,1.0,,1,0,0,,0,,0,0,0
3900000,1350,PEER MUCHALLA ADJOING SEC 20 PANCHKULA,0,1,0,1,1.0,,1,0,0,,0,,0,0,0
3900000,1400,Peermachhala,0,1,0,0,1.0,,1,0,0,,0,,0,0,0
4000000,1350,NEARBY PEERMUCHALLA SECTOR 20 PANCHKULA,0,1,0,1,1.0,,1,0,0,,0,,0,0,0
3800000,1350,PEER MUCHALLA ADJOING SEC 20 PANCHKULA,0,1,0,1,1.0,,1,0,0,,0,,0,0,0
2900000,1100,PEER MUCHALLA ADJOING SEC 20 PANCHKULA,0,1,0,0,1.0,,1,0,0,,0,,0,0,0
1490000,555,Mohali Sector 127,0,1,1,0,1.0,1.0,1,1,0,1.0,1,,0,1,0
1590000,550,Mohali Sec 125,0,1,1,0,1.0,1.0,1,1,0,1.0,1,,0,1,0
1690000,550,Mohali Sec 125,0,1,1,0,1.0,,1,1,0,1.0,1,1.0,0,1,0
1990000,999,Mohali Sector 127,0,1,1,0,1.0,1.0,1,1,0,1.0,1,,0,1,0
1990000,971,Mohali Sector 127,0,1,1,0,1.0,1.0,1,1,0,1.0,1,,0,1,0
1790000,940,Mohali Sector 127,0,1,1,0,1.0,,1,1,0,1.0,1,,0,1,0
1890000,955,Mohali Sector 127,0,1,1,0,1.0,1.0,1,1,0,1.0,1,,0,1,0
1490000,510,Mohali Sector 127,0,1,1,0,1.0,1.0,1,1,0,1.0,1,,0,1,0
1490000,555,Mohali Sector 127,0,1,1,0,1.0,1.0,1,1,0,1.0,1,,0,1,0
1990000,915,Mohali Sector 127,0,1,1,0,1.0,,1,1,0,1.0,1,,0,1,0
4200000,1450,PEER MUCHALLA ADJOING SEC 20 PANCHKULA,0,1,0,0,1.0,,1,0,0,,0,,0,0,0
3800000,1350,Peermachhala,0,1,0,1,1.0,,1,0,0,,0,,0,0,0
4000000,1450,PEER MUCHALLA ADJOING SEC 20 PANCHKULA,0,1,0,0,1.0,,1,0,0,,0,,0,0,0
3800000,1350,PEER MUCHALLA ADJOING SEC 20 PANCHKULA,0,1,0,1,1.0,,1,0,0,,0,,0,0,0
4200000,1350,PEER MUCHALLA ADJOING SEC 20 PANCHKULA,0,1,0,1,1.0,,1,0,0,,0,,0,0,0
2190000,810,Mohali Sector 127,0,1,0,0,1.0,1.0,1,1,0,,0,,0,1,0
3490000,1134,Mohali Sector 127,0,1,0,0,1.0,1.0,1,1,0,,0,,0,1,0
2490000,900,Mohali Sector 127,0,1,0,0,1.0,1.0,1,1,0,,0,,0,1,0
2190000,810,Mohali Sector 127,0,1,0,0,1.0,1.0,1,1,0,,0,,0,1,0
3390000,1200,Mohali Sector 127,0,1,0,0,1.0,1.0,1,1,0,,0,,0,1,0
3490000,1135,Mohali Sector 127,0,1,0,0,1.0,1.0,0,1,0,1.0,0,,0,1,0
3700000,1450,Lohgarh,0,0,0,0,,,0,0,0,,0,,0,0,0
1590000,600,Mohali Sector 127,0,1,0,0,1.0,1.0,1,0,0,,0,1.0,0,0,0
1590000,600,Mohali Sector 127,0,1,0,0,1.0,1.0,1,0,0,,0,,0,0,0
1590000,600,Mohali Sector 127,0,1,0,0,1.0,1.0,1,0,0,,0,,0,0,0
1590000,600,Mohali Sector 127,0,1,0,0,1.0,1.0,1,0,0,,0,,0,0,0
1590000,600,Mohali Sector 127,0,1,0,0,1.0,1.0,1,0,0,,0,,0,0,0
1590000,600,Mohali Sector 127,0,1,0,0,1.0,1.0,1,0,0,,0,,0,0,0
1590000,600,Mohali Sector 127,0,1,0,0,1.0,1.0,1,0,0,,0,,0,0,0
1590000,600,Mohali Sector 127,0,1,0,0,1.0,1.0,1,0,0,,0,,0,0,0
1590000,600,Mohali Sector 127,0,1,0,0,1.0,1.0,1,0,0,,0,,0,1,0
4990000,1710,Vip Road Zirakpur,0,1,0,0,1.0,,1,0,0,,0,,0,0,0
5500000,1800,Vip Road Zirakpur,0,1,0,0,1.0,,1,0,0,,0,,0,0,0
6431000,2150,Mohali Sec 113,0,1,1,1,1.0,1.0,1,1,1,1.0,1,1.0,0,1,1
6432000,2150,Mohali Sec 113,0,1,1,1,1.0,1.0,1,1,1,1.0,1,1.0,0,1,1
6400000,600,Mohali Sec 117,0,1,1,0,1.0,,1,1,1,,0,,0,0,0
6431000,2150,Chandigarh,0,1,1,1,1.0,1.0,1,1,1,1.0,1,1.0,0,1,1
6400000,2150,Chandigarh,0,1,1,1,1.0,1.0,1,1,1,1.0,1,1.0,0,1,1
1990000,910,Mohali Sector 127,0,1,1,0,1.0,,1,1,0,1.0,1,,0,1,0
3290000,1500,Sunny Enclave,0,1,0,0,,1.0,1,0,0,1.0,0,,0,0,0
2250000,1150,Kharar Mohali,0,1,0,0,1.0,1.0,1,1,0,,0,,0,0,0
12000000,2250,Sector 37D,0,1,1,0,1.0,1.0,1,1,1,1.0,0,1.0,0,1,0
6400000,2150,Chandigarh,0,1,1,1,1.0,1.0,1,1,1,1.0,1,1.0,0,1,1
3800000,1075,Kharar Mohali,0,1,0,0,,,0,0,0,,0,,0,0,0
3460000,990,Kharar Mohali,0,1,0,0,,,0,0,0,,0,,0,0,0
3450000,990,Kharar Mohali,0,1,0,0,,,0,0,0,,0,,0,0,0
3430000,990,Kharar Mohali,0,1,0,0,,,0,0,0,,0,,0,0,0
3400000,990,Kharar Mohali,0,1,0,0,,,0,0,0,,0,,0,0,0
4420000,1620,Ambala Highway,0,1,0,0,,,0,0,0,,0,,0,0,0
4410000,1620,zirakpur vip road,0,1,0,0,,,0,0,0,,0,,0,0,0
4400000,1620,Vip Road Zirakpur,0,1,0,0,,,0,0,0,,0,,0,0,0
4440000,1620,Vip Road Zirakpur,0,1,0,0,,,0,0,0,,0,,0,0,0
3870000,1550,zirakpur vip road,0,1,0,0,,,0,0,0,,0,,0,0,0
3860000,1550,zirakpur vip road,0,1,0,0,,,0,0,0,,0,,0,0,0
3850000,1550,Vip Road Zirakpur,0,1,0,0,,,0,0,0,,0,,0,0,0
3840000,1550,Vip Road Zirakpur,0,1,0,0,,,0,0,0,,0,,0,0,0
3820000,1550,Vip Road Zirakpur,0,1,0,0,,,0,0,0,,0,,0,0,0
3800000,1550,Vip Road Zirakpur,0,1,0,0,,,0,0,0,,0,,0,0,0
3810000,1550,Vip Road Zirakpur,0,1,0,0,,,0,0,0,,0,,0,0,0
2290000,960,Sec 124 Sunny Enclave,0,1,1,0,1.0,1.0,1,1,1,1.0,0,1.0,0,1,0
3900000,1450,PEER MUCHALLA ADJOING SEC 20 PANCHKULA,0,1,0,0,1.0,,1,0,0,,0,,0,0,0
4600000,1590,PEER MUCHALLA ADJOING SEC 20 PANCHKULA,0,1,1,0,1.0,,1,0,0,,1,,0,0,1
42000000,1450,PEER MUCHALLA ADJOING SEC 20 PANCHKULA,0,1,0,0,1.0,,1,0,0,,0,,0,0,0
3900000,1350,Peermachhala,0,1,0,1,1.0,,1,0,0,,0,,0,0,0
4600000,1590,PEER MUCHALLA ADJOING SEC 20 PANCHKULA,0,1,1,0,1.0,,1,0,0,,1,,0,0,1
2690000,950,Mohali Sector 127,0,1,1,0,1.0,1.0,1,1,0,,0,,0,1,0
8123052,2000,New Chandigarh Mullanpur,0,1,0,0,1.0,1.0,1,1,0,1.0,0,1.0,0,1,0
3950000,1520,Vip Road Zirakpur,0,1,0,0,1.0,,0,0,0,,0,,0,0,0
3750000,1550,zirakpur vip road,0,1,0,0,,,0,0,0,,0,,0,0,0
3850000,1620,zirakpur vip road,0,1,0,0,,,0,0,0,,0,,0,0,0
3790000,1550,Ambala Highway,0,1,0,0,,,0,0,0,,0,,0,0,0
3750000,1550,zirakpur vip road,0,1,0,0,,,0,0,0,,0,,0,0,0
2475000,1120,sector 5 Mubarikpur road derabassi,0,1,0,0,1.0,,1,0,0,,0,,0,0,0
3500000,1200,Zirakpur GAzipur Road,0,1,0,0,1.0,,1,0,0,,0,,0,0,0
4990000,1800,Vip Road Zirakpur,0,1,0,0,1.0,,1,0,0,,0,,0,0,0
2890000,1020,Zirakpur GAzipur Road,0,1,0,0,1.0,,1,0,1,,0,,0,1,0
2475000,1120,sector 5 Mubarikpur road derabassi,0,1,0,0,1.0,,1,0,0,,0,,0,0,0
5500000,1500,Airport Road,0,1,0,1,1.0,,1,0,1,,0,,0,0,1
6890000,1810,Ambala Highway,0,1,1,1,1.0,,1,0,1,,0,,0,1,1
3290000,1000,zirakpur vip road,0,1,0,0,1.0,,1,0,1,,0,,0,1,0
3790000,1530,SEC 115 MOHALI KHARAR LANDRAN ROAD,0,1,1,1,1.0,,1,0,1,,0,,0,1,1
2940000,1270,SEC 115 MOHALI KHARAR LANDRAN ROAD,0,1,1,1,1.0,,1,0,1,,1,,0,1,1
1990000,1008,Zirakpur punjab,0,1,1,0,1.0,,1,0,0,,1,,0,0,0
4140000,1200,Kharar Mohali,0,1,0,0,,,0,0,0,,0,,0,0,0
3290000,950,Vip Road Zirakpur,0,1,0,0,1.0,,1,0,1,,0,,0,1,0
3390000,1100,Dhakoli,0,1,0,0,,,0,0,0,,0,,0,0,0
3990000,1380,SEC 115 MOHALI KHARAR LANDRAN ROAD,0,1,1,0,1.0,1.0,1,1,0,,0,,0,0,0
1790000,650,SEC 115 MOHALI KHARAR LANDRAN ROAD,0,1,1,0,1.0,1.0,1,1,0,,0,,0,0,0
2685000,907,Mohali Sector 127,0,1,0,0,1.0,,1,1,0,,0,,0,0,0
6435000,2150,Mohali Sec 113,0,1,1,1,1.0,1.0,1,1,1,1.0,1,1.0,0,1,1
6432000,2150,Mohali Sec 113,0,1,1,1,1.0,1.0,1,1,1,1.0,1,1.0,0,1,1
2590000,1050,Mohali Sector 127,0,1,1,0,1.0,,1,0,0,,1,,0,0,0
3690000,1400,SEC 115 MOHALI KHARAR LANDRAN ROAD,0,1,1,0,1.0,1.0,1,1,0,,0,,0,0,0
4290000,1670,SEC 115 MOHALI KHARAR LANDRAN ROAD,0,1,0,0,1.0,1.0,1,1,0,,0,,0,0,0
2390000,950,Mohali Sector 127,0,1,1,0,1.0,,1,1,0,,0,,0,0,0
2790000,1005,Mohali Sector 127,0,1,1,0,1.0,1.0,1,1,0,,1,,0,1,0
8290000,1650,Chandigarh,0,1,1,1,1.0,,1,1,1,1.0,1,1.0,0,0,1
8290000,2250,Sector 20,0,1,0,1,1.0,1.0,1,1,1,1.0,1,,0,0,0
3490000,1650,Dera Bassi,0,1,0,0,1.0,,1,0,1,,0,,0,1,0
6400000,2150,Chandigarh,0,1,1,1,1.0,1.0,1,1,1,1.0,1,1.0,0,1,1
6432000,2150,Chandigarh,0,1,1,1,1.0,1.0,1,1,1,1.0,1,1.0,0,1,1
6100000,1950,Aerocity Road,0,1,1,1,1.0,1.0,1,1,1,1.0,1,1.0,0,1,1
6100000,1950,Aerocity,0,1,1,1,1.0,1.0,1,1,1,1.0,1,1.0,0,1,1
6000000,1950,Aerocity,0,1,1,1,1.0,1.0,1,1,1,1.0,1,1.0,0,1,1
6190000,1950,Aerocity Road,0,1,1,1,1.0,1.0,1,1,1,1.0,1,1.0,0,1,1
6195000,1950,Aerocity,0,1,1,1,1.0,1.0,1,1,1,1.0,1,1.0,0,1,1
8100000,1550,Airport Road,0,1,1,1,1.0,1.0,1,1,1,1.0,1,1.0,0,1,1
8100000,1550,Airport Road,0,1,1,1,1.0,1.0,1,1,1,1.0,1,1.0,0,1,1
8111000,1550,Road to Airport,0,1,1,1,1.0,1.0,1,1,1,1.0,1,1.0,0,1,1
8100000,1550,Chandigarh Airport Area,0,1,1,1,1.0,1.0,1,1,1,1.0,1,1.0,0,1,1
8100000,1550,Airport Road,0,1,1,1,1.0,1.0,1,1,1,1.0,1,1.0,0,1,1
8200000,1950,Chandigarh,0,1,1,1,1.0,1.0,1,1,1,1.0,1,1.0,0,1,1
8200000,1550,Chandigarh,0,1,1,1,1.0,1.0,0,1,1,1.0,1,1.0,0,1,1
3590000,1100,Zirakpur GAzipur Road,0,1,0,0,1.0,,1,0,1,,0,,0,1,1
8111111,1550,Chandigarh Airport Area,0,1,1,1,1.0,1.0,1,1,1,1.0,0,1.0,0,1,1
8023000,1560,Chandigarh Airport Area,0,1,1,1,1.0,1.0,1,1,1,1.0,0,1.0,0,1,1
5011111,2150,Sector 88 Mohali,0,1,1,1,1.0,1.0,1,1,1,1.0,0,1.0,0,1,1
4950000,2150,Mohali Sec 76,0,1,1,1,1.0,1.0,1,1,1,1.0,0,1.0,0,1,1
4965000,2150,Mohali Sec 70,0,1,1,1,1.0,1.0,1,1,1,1.0,0,1.0,0,1,1
5195000,2250,Mohali Sec 90,0,1,1,1,1.0,1.0,1,1,1,1.0,0,1.0,0,1,1
2475000,1120,sector 5 Mubarikpur road derabassi,0,1,0,0,1.0,,1,0,0,,0,,0,0,0
3590000,1550,Dera Bassi,0,1,0,0,1.0,,1,0,0,,0,,0,0,0
3590000,1550,Dera Bassi,0,1,0,0,1.0,,1,0,0,,0,,0,0,0
3590000,1550,Dera Bassi,0,1,0,0,1.0,,1,0,0,,0,,0,0,0
3590000,1550,Dera Bassi,0,1,0,0,1.0,,1,0,0,,0,,0,0,0
2475000,1120,sector 5 Mubarikpur road derabassi,0,1,0,0,1.0,,1,0,0,,0,,0,0,0
2475000,1120,sector 5 Mubarikpur road derabassi,0,1,0,0,1.0,,1,0,0,,0,,0,0,0
2475000,1120,sector 5 Mubarikpur road derabassi,0,1,0,0,1.0,,1,0,0,,0,,0,0,0
2475000,1120,sector 5 Mubarikpur road derabassi,0,0,1,0,1.0,,1,1,1,,0,,0,1,1
3590000,1550,Dera Bassi,0,1,0,0,1.0,,1,0,0,,0,,0,0,0
3590000,1550,Dera Bassi,0,1,0,0,1.0,,1,0,0,,0,,0,0,0
3590000,1550,Dera Bassi,0,1,0,0,1.0,,1,0,0,,0,,0,0,0
3590000,1550,Dera Bassi,0,1,0,0,1.0,,1,0,0,,0,,0,0,0
3590000,1550,Dera Bassi,0,1,0,0,1.0,,1,0,0,,0,,0,0,0
2475000,1120,sector 5 Mubarikpur road derabassi,0,1,0,0,1.0,,0,0,0,,0,,0,0,0
6250000,2050,85 Sector 34A Road,0,1,1,1,1.0,1.0,1,1,1,1.0,0,1.0,0,1,1
7111111,2250,85 Sector 34A Road,0,1,1,1,1.0,1.0,1,1,1,1.0,0,1.0,0,1,1
6998000,2250,85 Mohali Stadium Road,0,1,1,1,1.0,1.0,1,1,1,1.0,0,1.0,0,1,1
9650000,1950,Chandigarh,0,1,1,1,1.0,1.0,1,1,1,1.0,0,1.0,0,1,1
8500001,2250,Chandigarh,0,1,1,1,1.0,1.0,1,1,1,1.0,0,1.0,0,1,1
6284000,2250,Mohali Sec 84,0,1,1,1,1.0,1.0,1,1,1,1.0,0,1.0,0,1,1
6285000,2250,85 Sector 34A Road,0,1,1,1,1.0,1.0,1,1,1,1.0,0,1.0,0,1,1
6132000,1950,Aerocity,0,1,1,1,1.0,1.0,1,1,1,1.0,1,1.0,0,1,1
5523000,2250,Mohali Sec 125,0,1,1,1,1.0,1.0,1,1,1,1.0,0,1.0,0,1,1
5532000,2250,Mohali Sec 70,0,1,1,1,1.0,1.0,1,1,1,1.0,0,1.0,0,1,1
4965000,2150,Mohali Sec 71,0,1,1,1,1.0,1.0,1,1,1,1.0,0,1.0,0,1,1
4965000,2150,Mohali Sec 87,0,1,1,1,1.0,1.0,1,1,1,1.0,0,1.0,0,1,1
4998000,2150,Sector 88 Mohali,0,1,1,1,1.0,1.0,1,1,1,1.0,0,1.0,0,1,1
4963000,2150,Mohali Sec 76,0,1,1,1,1.0,1.0,1,1,1,1.0,0,1.0,0,1,1
4995000,2150,Mohali Sec 70,0,1,1,1,1.0,1.0,1,1,1,1.0,0,1.0,0,1,1
5390000,1125,Aerocity Road,0,1,1,1,1.0,1.0,1,1,1,,1,,0,1,0
5390000,1125,Aerocity Road,0,1,1,1,1.0,,1,1,1,,1,,0,1,0
5390000,1125,Aerocity Road,0,1,1,1,1.0,1.0,1,1,1,1.0,1,,0,1,1
2475000,1120,sector 5 Mubarikpur road derabassi,0,1,0,0,1.0,,1,0,0,,0,,0,0,0
2290000,960,Kharar Mohali,0,1,0,0,1.0,,1,0,1,,0,,0,0,0
6000000,1710,Zirakpur Road,0,1,1,1,1.0,1.0,1,1,0,1.0,0,1.0,0,1,1
6000000,1737,Zirakpur Road,0,1,1,1,1.0,1.0,1,1,1,1.0,0,1.0,0,1,1
13700000,3150,Chandigarh Airport Area,0,1,1,1,1.0,1.0,1,1,1,1.0,1,1.0,0,1,1
15901111,2695,Chandigarh,0,1,1,1,1.0,1.0,1,1,1,1.0,1,1.0,0,1,1
15900000,2695,Mohali Sec 66,0,1,1,1,1.0,1.0,1,1,1,1.0,1,1.0,0,1,1
9231000,2250,Chandigarh Road,0,1,1,1,1.0,1.0,1,1,1,1.0,1,1.0,0,1,1
9132000,2250,Chandigarh Airport Area,0,1,1,1,1.0,1.0,1,1,1,1.0,1,1.0,0,1,1
9135000,2550,Chandigarh International Airport,0,1,1,1,1.0,1.0,1,1,1,1.0,1,1.0,0,1,1
9134000,2250,85 Mohali Stadium Road,0,1,1,1,1.0,1.0,1,1,1,1.0,1,1.0,0,1,1
9125000,2251,Chandigarh,0,1,1,1,1.0,1.0,1,1,1,1.0,1,1.0,0,1,1
9100000,2250,85 Mohali Stadium Road,0,1,1,1,1.0,1.0,1,1,1,1.0,1,1.0,0,1,1
8135000,1550,Airport Road,0,1,1,1,1.0,1.0,1,1,1,1.0,1,1.0,0,1,1
8123000,1550,Road to Airport,0,1,1,1,1.0,1.0,1,1,1,1.0,1,1.0,0,1,1
8125000,1550,Airport Road,0,1,1,1,1.0,1.0,1,1,1,1.0,1,1.0,0,1,1
8125000,1550,Chandigarh,0,1,1,1,1.0,1.0,1,1,1,1.0,1,1.0,0,1,1
8123000,1550,Chandigarh International Airport,0,1,1,1,1.0,1.0,1,1,1,1.0,1,1.0,0,1,1
6421000,2150,Mohali Sec 113,0,1,1,1,1.0,1.0,1,1,1,1.0,1,1.0,0,1,1
6535000,2250,85 Mohali Stadium Road,0,1,1,1,1.0,1.0,1,1,1,1.0,1,1.0,0,1,1
6650000,2250,85 Sector 34A Road,0,1,1,1,1.0,1.0,1,1,1,1.0,1,1.0,0,1,1
6599000,1550,Chandigarh,0,1,1,1,1.0,1.0,1,1,1,1.0,1,1.0,0,1,1
6600000,2250,85 Mohali Stadium Road,0,1,1,1,1.0,1.0,1,1,1,1.0,1,1.0,0,1,1
8125000,1550,Chandigarh,0,1,1,1,1.0,1.0,1,1,1,1.0,1,1.0,0,1,1
6133100,1950,Chandigarh Airport Area,0,1,1,1,1.0,1.0,1,1,1,1.0,1,1.0,0,1,1
6200000,1950,Aerocity,0,1,1,1,1.0,1.0,1,1,1,1.0,1,1.0,0,1,1
6112000,1950,Aerocity Road,0,1,1,1,1.0,1.0,1,1,1,1.0,1,1.0,0,1,1
2375000,1100,Dera Bassi,0,1,0,0,1.0,1.0,1,1,1,,0,,0,1,0
78850000,2140,Mullanpur New Chandigarh,0,0,1,0,1.0,1.0,1,1,1,1.0,0,1.0,0,1,1
12500000,2300,New Chandigarh Mullanpur,0,0,0,0,,,0,0,0,,0,,0,0,0
9200000,1963,Omaxe New Chandigarh,0,1,1,1,1.0,1.0,1,1,1,1.0,1,1.0,0,1,1
1290000,550,SEC 115 MOHALI KHARAR LANDRAN ROAD,0,1,0,0,1.0,1.0,1,0,0,,0,,0,0,0
25000000,2000,Sector 20,0,0,0,0,1.0,,0,0,0,,0,,0,0,0
3500000,907,Kharar Mohali,0,1,0,0,1.0,,1,0,0,,0,,0,0,0
2700000,1250,Dhakoli,0,0,0,0,,,0,0,0,,0,,0,0,0
12000000,1300,Sector 23,0,0,0,0,,,0,0,0,,0,,0,0,0
6700000,1800,Lohgarh,0,0,0,1,,,0,0,0,,0,,0,0,0
6700000,1800,Lohgarh,0,0,0,1,,,0,0,0,,0,,0,0,0
6700000,1800,Lohgarh,0,0,0,1,,,0,0,0,,0,,0,0,0
4145000,1550,Zirakpur Road,0,1,0,0,1.0,,1,0,0,,0,,0,0,0
1990000,720,Mohali Sector 127,0,1,0,0,1.0,,1,0,0,,0,,0,0,0
4600000,1180,Mullanpur Garibdass,0,0,0,0,,,0,0,0,,0,,0,0,0
4285000,1314,New Chandigarh Mullanpur,0,1,1,1,1.0,1.0,1,1,1,1.0,0,1.0,0,1,1
4200000,1314,Mullanpur New Chandigarh,0,1,1,1,1.0,1.0,1,1,1,1.0,0,1.0,0,1,1
5800000,1944,Zirakpur GAzipur Road,0,1,1,1,1.0,1.0,1,1,1,,1,1.0,0,1,1
4900000,1701,Vip Road Zirakpur,0,1,0,0,1.0,,1,0,0,,0,,0,0,0
2590000,680,Mohali Sector 127,0,1,0,0,1.0,1.0,1,1,0,,0,1.0,0,1,0
